Order Id,PredictedValue
77202,9.162338e-06
75939,0.9813333
75938,0.017957572
75937,0.0030896773
75936,0.0012956052
75935,0.99549145
75934,0.9999269
75933,0.9999269
75932,0.9596254
75931,0.9999269
75930,0.9998858
75929,0.9997811
75928,0.99856913
75927,0.9999269
75926,0.9999269
75925,0.9999269
75924,0.999796
75923,0.9999269
75922,0.9999269
75921,0.00014049445
75920,0.00014049445
75919,0.98030317
75918,0.99856913
75917,0.9633001
75916,0.056061763
75915,0.9998622
75914,0.9997811
75913,0.01701677
75912,0.0030790358
75911,0.0010291513
75910,0.9954758
75909,0.98030317
75908,0.01701677
75907,0.9999269
75906,0.9999269
75905,0.9999269
75904,0.9999269
75903,0.9999404
75902,0.9995956
75901,0.9995956
75900,0.99984753
75899,0.99984753
75898,0.015247447
75897,0.0053782025
75896,0.00079531304
75895,0.9970284
75894,0.9995963
75893,0.014614085
28744,0.9998042
45461,0.036624376
31115,0.99999917
45766,0.0192062
47752,0.98580396
50054,0.9999945
20365,0.9999956
36146,0.06110543
41234,0.99980193
32090,0.9998733
34773,0.99729353
44046,0.057749484
46414,0.99970055
46599,0.9994591
48434,0.99965596
12827,0.9457334
63936,0.02486808
65030,0.99995255
18108,0.9966916
62571,0.029973764
17162,0.95352113
65922,0.9717057
63936,0.02486808
64813,0.9911485
67892,0.9412056
12525,0.9999925
5895,0.9999907
56359,0.9999639
58613,0.997003
7824,0.9999769
7814,0.99997675
7814,0.99997675
60807,0.9298059
53413,0.995675
7888,0.9988257
6783,0.99248934
56973,0.9882536
7824,0.9999769
55155,0.9999745
5991,0.01977738
2263,0.998889
2263,0.998889
53403,0.9958721
51298,0.9951735
4919,0.98350865
52640,0.99872786
6358,0.010127223
57106,0.0013746821
6245,0.99938583
52166,3.7127725e-07
56172,0.00041454012
55829,0.99672925
52478,0.016110938
57242,0.0023019023
3137,0.00280065
60127,0.00025514382
3828,0.14044556
60386,7.639729e-06
973,0.015246294
57999,0.9735049
54585,0.99883777
57598,0.019015493
54274,0.9845122
60673,0.017422557
59387,0.0013330919
52640,0.99872786
10007,0.00025052283
55984,0.9256229
52478,0.016110938
58375,0.9993261
56448,0.015308087
8221,3.8222497e-06
58034,0.95401627
2203,0.002183856
53069,0.9811989
60146,0.00019237841
55409,0.98304397
8678,0.017356128
7980,0.99589986
57185,0.9984211
8636,0.0005450698
61192,0.0052541965
55876,0.000106218184
53331,0.00033244767
51725,0.9993573
52562,0.002519675
59754,0.98776734
53574,0.97969496
399,0.98529065
51050,0.9999286
45680,0.99998987
42992,0.95507306
41304,0.99995995
45680,0.99998987
44253,0.99511766
46098,0.9988438
41304,0.99995995
71077,0.9612406
69703,0.99640465
71112,0.9659018
69810,0.99997616
71092,0.9612406
69610,0.999876
71000,0.99999213
70734,0.99997103
69626,0.05877793
69482,0.94430053
70769,0.99985313
69643,0.9985732
71051,0.01091345
69408,0.99551207
71123,0.9906494
70534,0.99994516
69641,0.055027924
70960,0.99999213
69908,0.99726474
70957,0.9888948
69637,0.95077544
70955,0.99999213
70919,0.9999529
71009,0.99996567
69653,0.9987079
69527,0.9412977
71080,0.9999902
70544,0.9999503
69471,0.054873053
68879,0.9999405
67214,0.99967444
17810,0.99997425
18793,0.9987531
65109,0.99967444
15673,0.9974291
18183,0.9940044
20234,0.9999211
13139,0.99940765
33824,0.98191696
31364,0.992393
40495,0.99848515
31364,0.992393
34506,0.0002900303
33607,0.0022380883
32617,0.0026526381
37496,0.00065922434
32617,0.0026526381
49075,0.99743074
33824,0.98191696
49075,0.99743074
41623,0.014064354
39271,0.00019207304
38598,0.02279248
37845,0.9980964
42331,0.0003269313
41345,0.99940956
51168,0.013628629
51168,0.013628629
43599,0.9706486
41901,0.0013215836
42751,0.00015834968
45088,0.016900789
50489,0.981642
44409,0.97735935
42101,0.0006013537
50424,0.98448944
49825,0.9996356
41294,0.9966689
42023,0.017329937
47774,0.96960706
41827,0.0003857182
47193,0.01662154
42626,0.001164153
46199,0.98429614
48468,0.017485015
51009,0.9840608
46229,0.984553
42882,0.0017040896
46827,0.002491207
48684,0.97915936
48684,0.97915936
46416,0.00032279236
47343,0.017380828
41686,2.4277272e-06
41896,0.0013811133
28168,0.013241955
24992,6.869506e-06
30851,0.00013997775
25074,0.9933416
76870,0.9988242
25163,0.011853439
28036,0.0011575674
22679,0.9701213
23610,0.9951998
42828,0.018821357
41896,0.0013811133
48713,0.019084336
45668,0.015510929
74796,0.00020160187
27918,0.014890812
30097,0.002968
30966,0.0005730628
30063,0.012682503
22019,0.9747935
24230,0.9972144
48713,0.019084336
42353,0.025555534
45668,0.015510929
42134,0.98349035
21522,0.0034828365
23767,0.0035117103
25433,0.015954675
73893,0.012912885
30085,0.99823356
30172,0.0015750973
27478,0.014949556
76976,0.0004806689
24063,0.016239084
51209,0.98276615
73839,0.98215896
74723,0.0021051522
26821,0.00023518312
77102,0.00024738073
41608,0.017201899
47009,0.9824358
49916,0.00030395537
29746,0.0005608268
72533,0.015848752
48608,0.023781009
45506,0.00013655634
45027,0.0025762073
46308,0.011709531
43685,0.99971527
41893,0.011178489
46339,0.98179483
46667,0.0042655864
47647,0.0021634786
48565,0.9966486
43889,0.9923699
45138,0.017992713
44160,0.9980422
49214,0.98195535
41825,0.99918324
44504,0.97897595
44496,0.0005350166
45559,0.96216315
44074,0.98949873
49857,0.0022334398
41786,0.00089863007
48042,0.00037931386
44301,0.00031527816
41591,1.0244005e-05
44981,0.00026277418
41545,0.9994746
49910,0.9998839
19590,0.99605066
43650,0.9997131
15202,0.0024063704
15462,0.0027398458
15155,0.9973924
64451,0.00021600543
67028,0.016933216
62336,0.00047459337
11334,0.97768444
62885,0.99813557
66998,0.017329937
47002,0.0015857167
63445,0.99829406
67566,0.0011495141
18884,0.9854344
18845,0.99903935
66854,0.99248546
46955,0.9965148
55002,0.003391185
60445,0.99931145
53586,0.0006485231
56618,0.015597062
51865,0.997715
2937,0.0040687136
54446,0.00024071951
58623,0.018956723
7411,0.0005420178
5348,0.016120236
59742,0.0033589415
59498,0.018750874
3459,0.98358595
8470,0.9986877
53455,0.9978941
2014,0.9925644
55899,0.9965243
52582,0.0027656185
56222,2.6422244e-05
57829,0.9885671
56217,2.6422244e-05
5893,0.019793164
5528,0.015888823
367,0.002690776
52353,0.010972409
1784,0.969739
60317,0.00026045425
6776,0.00044196373
4487,0.0035496172
9681,0.0004799023
60868,0.014969456
53231,0.00025195026
52601,0.00055871526
4660,0.99674904
3539,0.98023397
53231,0.00025195026
54488,0.01644597
6776,0.00044196373
52549,0.9850483
60361,3.126464e-06
8470,0.9986877
5712,0.0004887357
9309,0.9873077
8095,0.99987316
75892,0.0053782025
75891,0.00079531304
75890,0.99990225
75889,0.97597176
75888,0.014614085
75887,0.0053782025
75886,0.00079531304
75885,0.9999076
75884,0.97597176
75883,0.9999404
75882,0.0042904727
75881,0.00096456916
75880,0.9970284
75879,0.97597176
75878,0.01599976
75877,0.0053782025
75876,0.00079531304
75875,0.99990225
75874,0.97597176
75873,0.014614085
75872,0.0053782025
75871,0.9999207
75870,0.9999207
75869,0.9999187
75868,0.9999187
75867,0.00039026537
75866,0.00014676496
75865,0.00014676496
75864,0.9746533
75863,0.012605539
75862,0.0050930195
75861,0.00054012536
75860,0.9968616
75859,0.9746533
75858,0.9936953
75857,0.0050930195
75856,0.08874634
75855,0.9999187
75854,0.9996437
75853,0.9937016
75852,0.0040627318
75851,0.0009446992
75850,0.9968616
75849,0.97672427
75848,0.9933281
75847,0.92362183
75846,0.00075295736
75845,0.9968616
75844,0.97320664
75843,0.9937016
75842,0.0040627318
75841,0.00075295736
75840,0.9999138
75839,0.9997036
75838,0.9999187
75837,0.9999187
75836,0.08874634
75835,0.9999088
75834,0.9993556
75833,0.99997056
75832,0.99997056
75831,0.99997056
75830,0.9949823
75829,0.9789356
75828,0.022943888
75827,0.0030061903
75826,0.0005292161
75825,0.9949823
75824,0.9789356
75823,0.022094088
75822,0.003124161
75821,0.000509182
75820,0.9949823
75819,0.97018784
75818,0.022943888
75817,0.0030061903
75816,0.0005292161
75815,0.9949823
75814,0.97018784
75813,0.987038
75812,0.9376934
75811,0.99997056
75810,0.99989045
75809,0.99934095
75808,0.9888826
75807,0.99991
75806,0.99991
75805,0.99991
75804,0.99991
75803,0.99991
75802,0.99991
75801,0.99991
75800,0.9947195
75799,0.96866745
75798,0.021012265
75797,0.0028464238
5895,0.9999907
3130,0.9999343
49521,0.028011369
30305,0.99994814
50054,0.9999945
27772,0.90404946
47752,0.98580396
31296,0.012131519
22076,0.03714728
25665,0.9998989
31296,0.012131519
22819,0.9999728
27099,0.99999833
28292,0.959448
39159,0.99995744
32090,0.9998733
34631,0.043604605
37669,0.99995434
37669,0.99995434
34773,0.99729353
40085,0.9999504
47262,0.970812
44771,0.047301635
13890,0.99998116
17071,0.04937641
11321,0.052667897
64813,0.9911485
17162,0.95352113
12827,0.9457334
11936,0.01699908
68337,0.97383446
45746,0.055477634
64813,0.9911485
13736,0.04667998
49622,0.98356265
19444,0.9993913
63936,0.02486808
49622,0.98356265
51911,0.030040689
58239,0.99997807
56678,0.9949915
53202,0.9512664
58738,0.9950106
56260,0.99999225
5042,0.9542939
53202,0.9512664
55511,0.04701325
54128,0.9985898
21244,0.9996307
47752,0.98580396
31239,0.99995255
45772,0.8914662
24661,0.039787553
50054,0.9999945
22924,0.9999521
21902,0.96405154
21534,0.99945825
45461,0.036624376
24160,0.9999244
39159,0.99995744
32102,0.95233214
37763,0.99710625
37867,0.93723065
31905,0.9998989
36269,0.99979883
37867,0.93723065
40085,0.9999504
40085,0.9999504
48374,0.9996137
48434,0.99965596
17719,0.9998771
15766,0.040980514
12179,0.9998926
66275,0.99999523
13140,0.9998863
16444,0.99998736
15766,0.040980514
65030,0.99995255
14454,0.99995947
13736,0.04667998
67979,0.9998319
65030,0.99995255
66275,0.99999523
65264,0.99967206
11936,0.01699908
13890,0.99998116
51226,0.03620809
52576,0.052112535
53202,0.9512664
67753,0.99562174
15421,0.0556108
13225,0.9998802
71362,0.9550202
13232,0.9585034
67753,0.99562174
68879,0.9999405
65487,0.9583861
65105,0.9999527
14837,0.94284403
46224,0.9999088
71217,0.94246566
63972,0.9680132
19200,0.9999498
18009,0.9997882
10831,0.025707012
68107,0.9627256
15421,0.0556108
71271,0.057402313
68879,0.9999405
65487,0.9583861
16953,0.99703515
49664,0.9999651
16446,0.03220922
10831,0.025707012
14960,0.99994934
18005,0.99997103
10831,0.025707012
12804,0.99996555
14651,0.025655206
10990,0.9998665
65609,0.9996811
17878,0.9961344
16998,0.9962774
13970,0.9999858
10990,0.9998665
13614,0.99979275
44388,0.99371743
13050,0.9999249
12613,0.99032694
66587,0.9291944
62795,0.9999956
18950,0.9999857
19610,0.999962
65011,0.06342348
19380,0.9999213
65005,0.9999877
20085,0.99997747
18245,0.99998975
17810,0.99997425
19817,0.9608822
10444,0.99996245
64637,0.9898017
15269,0.9994766
14064,0.9999732
14551,0.016815932
12698,0.9973802
47758,0.9979273
68220,0.99998236
14730,0.999987
66411,0.030683318
12535,0.9999913
67712,0.9591293
18593,0.9984187
17909,0.9998252
16302,0.971949
14730,0.999987
13343,0.9967746
62117,0.96723914
62637,0.9637658
67845,0.99997544
67712,0.9591293
11209,0.9997632
41494,0.99974865
18593,0.9984187
13343,0.9967746
62637,0.9637658
70044,0.9998228
67753,0.99562174
16617,0.9969279
14574,0.9999521
12698,0.9973802
15599,0.9998771
13343,0.9967746
20072,0.97324467
12323,0.9985759
71295,0.9999862
66351,0.042542137
12698,0.9973802
44148,0.9969867
53540,0.9970873
53069,0.9811989
57570,0.99715304
5154,0.9836125
9122,0.0026744453
4427,0.0030061274
9340,0.9974656
9331,0.000345114
58315,0.999554
54572,0.0022473468
51746,7.431553e-05
4269,0.98868537
61346,0.0014371462
1999,0.9900982
53576,0.00067363784
57152,0.0025028798
51674,0.986871
55336,0.0002710993
53810,0.986692
59301,0.0006675934
8410,0.9991584
8123,0.13369036
60567,0.0024197511
2203,0.002183856
3527,0.002606669
2428,0.014891366
55174,0.985783
57032,0.0054212427
10113,0.009403529
52250,0.9995394
8906,0.0006755515
1386,0.0007272259
59226,0.0014706217
8847,0.0026006002
57929,0.9966162
53505,0.99657565
55636,0.000468556
57128,0.017772663
8728,0.019643739
1105,0.99755436
1797,0.00026271955
1634,0.98791015
53576,0.00067363784
10113,0.009403529
6176,0.00071440917
60460,0.9996673
580,0.9963774
56244,0.99709547
6522,0.0027011018
58298,0.0012013848
3625,0.9981345
52321,0.00031337884
58896,0.00037446345
5919,0.9316663
52772,0.0019323454
9063,0.018096616
61419,0.9788422
5919,0.9316663
27742,0.0019501101
24453,0.017894864
31145,0.9999851
30802,0.00052179466
25875,0.99583685
30589,0.9856371
20931,0.0006161829
45646,0.0005957857
29731,0.00030816175
42777,0.0016004614
23886,0.00060919084
43561,0.00020422223
47846,2.0712216e-06
21192,0.0031123902
23156,0.0002486389
22811,1.6187685e-06
25418,0.014201516
47092,0.0037823087
42658,0.013758816
23494,0.98163486
27316,0.00091161253
20931,0.0006161829
27555,0.9987828
28657,0.0015156781
47011,0.00036324986
47846,2.0712216e-06
21973,0.022990245
50226,0.00081986916
44617,0.0042996677
21196,0.00059335603
21193,0.016250202
26073,0.014111418
44425,0.997053
49570,0.9998994
42099,0.98632205
47731,0.00020433734
46062,0.0024327221
44938,0.0233299
50688,0.014949158
49445,0.99825734
47938,0.019863829
45249,0.99015826
41874,0.9854409
41572,0.00015009193
46062,0.0024327221
41785,0.9993229
42971,0.00061962276
44677,0.0031421983
43266,0.00036983477
50688,0.014949158
47917,2.0920297e-05
48901,0.0014264889
44265,0.9983407
41590,0.9999571
45987,0.00032908964
44452,0.002280543
49218,0.016349971
47840,0.9993461
47493,0.015937554
45987,0.00032908964
41590,0.9999571
64274,0.96326447
13298,0.012958628
62786,0.0002662549
13939,0.98787105
46864,0.97837937
16590,0.9994413
62840,0.9980531
66959,0.9887449
63220,0.99533254
19642,0.0026973574
65439,0.9823313
62840,0.9980531
17363,0.024993936
13298,0.012958628
18237,0.0026332315
66958,0.018331246
66764,0.99473023
66764,0.99473023
48193,0.017310426
15231,0.0005552177
10451,0.0007933295
10459,0.9922065
64222,0.002040903
63907,0.0026123743
19178,0.015347107
67046,0.0002662549
65312,0.0029588172
16436,0.00041737763
11822,0.0033171976
19528,0.017827978
49763,0.0015975466
16013,0.01809831
17347,0.003282707
19496,0.0008629354
62789,0.9855928
11674,0.97982806
67866,0.0003259009
13599,0.9790962
10384,0.9947239
63115,0.99721956
63516,0.00020219767
62086,0.00010345262
62817,0.0022086662
10856,0.00030227145
14685,0.9990387
66229,0.9889286
14924,0.98724467
49839,0.990625
12393,0.07078608
65898,0.01755112
64599,0.9995883
65370,0.997036
19732,0.0016472803
67549,0.9823313
67549,0.9823313
67866,0.0003259009
67275,0.9967957
46863,0.021281421
62306,0.00047459337
10451,0.0007933295
18213,0.015544087
16863,0.018910961
24764,0.9878973
21522,0.0034828365
26670,0.9995227
21971,0.00036269982
76849,0.9967456
27357,0.0008585393
29283,0.011542209
30724,0.9900926
74454,0.9845019
24558,0.0066610007
24230,0.9972144
26821,0.00023518312
23211,0.00026744074
21868,0.013248648
47009,0.9824358
42271,0.00033901838
50628,0.014255522
24764,0.9878973
21907,0.0015239016
72442,0.0014675662
27357,0.0008585393
21966,0.0003510689
31169,0.99003804
21906,0.00019906713
72460,0.9990227
26861,0.000468327
76992,0.0027026525
22792,0.00015606493
24438,0.017738294
27957,0.0036041732
26821,0.00023518312
21868,0.013248648
47899,0.9974154
27918,0.014890812
22900,0.99934596
30997,0.0020855484
26183,0.016920505
24314,0.98122495
21267,0.0031267193
31169,0.99003804
30712,0.003569805
27207,0.00028940965
76847,0.0023839513
21906,0.00019906713
21407,0.0023014545
25050,0.9995741
24438,0.017738294
23807,0.0026226083
21349,0.9820447
22224,0.98091394
49806,0.00057840586
47044,0.98257
41676,2.2983354e-06
49598,0.0066841166
42130,0.99819416
26036,0.0002030131
29746,0.0005608268
27457,0.0019728313
21309,0.98105294
23267,0.003035592
23706,0.0011649949
27729,0.98143744
30519,0.9821436
21267,0.0031267193
30658,0.020176344
30323,0.017840272
30712,0.003569805
30044,0.9845915
74194,0.9808524
72458,0.017765025
25050,0.9995741
74451,0.0004409651
22297,0.0032128785
24552,0.00045407802
44706,0.0011601561
48950,0.99820304
47600,0.9960448
47044,0.98257
43257,0.0012597637
49888,0.014534985
42130,0.99819416
24752,0.0020832126
24548,0.0066739493
73906,0.0011601561
27729,0.98143744
28355,0.99826956
23456,0.00032027386
74193,0.015542006
50466,0.00053032674
50377,0.0018866819
61855,0.9988213
67415,0.994995
66794,0.992242
17467,0.0049175126
16419,0.93392617
65249,0.9792436
17449,0.9783028
63803,0.017845713
16969,0.98707527
16369,0.9528617
66702,3.12602e-05
10584,0.98768973
17368,0.026225273
20291,0.00071642554
14384,0.95159125
64066,0.0009130647
67292,0.0020623235
65855,0.998116
64531,5.2842533e-06
19168,0.01577406
16299,0.99645483
17228,0.01585387
68289,0.98854876
47509,0.98878646
17211,0.00033462548
64894,0.98512936
67818,0.014514583
16218,0.0069661606
11391,0.00020055869
17386,0.0005645902
11968,0.014547167
46305,0.9980692
16218,0.0069661606
19973,0.016743172
15787,0.0028486482
11378,0.017045805
62260,0.99875283
11083,0.023195487
65174,0.9811348
44442,0.002280543
42783,0.014514583
64677,0.0003817613
66219,0.9889286
44816,0.00020050726
47002,0.0015857167
10502,0.0024684607
63843,0.01883146
62237,0.00024992402
13907,0.003854448
63576,0.00037614163
18448,0.0889478
17524,0.98315316
19333,0.024155172
64150,0.99949586
64920,0.9987649
16378,0.014727687
67331,0.00031932077
67037,0.0021750273
63349,0.98235494
19309,0.9819766
49936,0.00030807918
11749,0.9794799
49936,0.00030807918
16767,0.00040071554
61664,0.9819812
63512,0.0015478345
17726,0.00021516759
12540,0.99905795
14100,0.99951935
16098,0.013917474
14660,0.9992372
41718,0.0027125117
64500,0.9999852
10586,0.00028239517
45291,0.00032535548
15459,0.9857113
16093,0.013383124
10584,0.98768973
61596,0.0002627987
68374,0.996482
50588,0.016286397
42087,0.0029531142
13528,0.024524525
18135,0.99841774
15199,0.9800007
68369,0.996482
46859,0.9781893
63992,0.0017576857
16969,0.98707527
18120,0.9983346
14544,0.9951841
13991,0.00093738385
906,0.0011016217
5479,0.9865339
51396,0.0008647404
10116,0.00042033373
1756,0.00010808686
10014,0.93356633
1991,1.5527704e-06
52533,0.0170124
52533,0.0170124
2332,0.00090442214
10276,1.255739e-05
2911,0.00092542364
53568,0.015181818
53568,0.015181818
25688,0.024198668
48954,0.97825897
25688,0.024198668
47743,0.07295943
45339,0.98499227
43521,0.00019333996
22468,0.015824858
29880,0.99694747
21197,0.0028527784
22261,0.0006568966
24853,0.0125819575
23585,0.995317
30963,0.0018269201
24118,0.015518568
42287,0.0021551473
21197,0.0028527784
21697,0.0033994413
21691,0.0014603344
23878,0.02200857
30214,0.9831024
29871,0.00081140036
22261,0.0006568966
20594,0.9432066
29107,0.003339785
21698,0.01876025
20918,0.0032951604
29959,0.9808337
45126,0.00087498315
26871,0.0005178884
23751,0.0014603344
22612,0.0002931819
29862,0.0033479116
20755,0.99998045
30267,0.0016942128
31211,3.0244814e-06
27007,0.0002770926
46073,0.013932291
27007,0.0002770926
20755,0.99998045
24118,0.015518568
21691,0.0014603344
26510,0.99833184
43468,0.0018316417
43468,0.0018316417
31000,0.99735653
22988,0.0033506304
29993,0.01905524
28568,0.018087517
31000,0.99735653
20773,0.003919475
43640,0.99981004
23967,0.0015375768
21016,0.0012744804
27005,0.99998844
25606,0.00033119906
30335,0.9984491
29270,0.998955
31269,0.99432135
24820,0.9998529
25847,0.0032909298
42154,0.9827101
45036,0.00050794
45863,0.0023870005
20929,0.9932526
23464,0.982467
44316,0.0003294946
27647,0.0023613328
24878,0.012975613
42152,0.0029382242
46401,0.0002904044
20929,0.9932526
48844,0.98215896
22481,0.00010727558
30713,0.017867297
31018,0.015219386
27005,0.99998844
75796,0.06432059
75795,0.9947014
75794,0.96856225
75793,0.02174764
75792,0.0028464238
75791,0.06432059
75790,0.99991536
75789,0.9999598
75788,0.9999598
75787,0.9999598
75786,0.9999598
75785,0.9947014
75784,0.971116
75783,0.02174764
75782,0.0029581462
75781,0.00052604015
75780,0.9947014
75779,0.9994318
75778,0.98854417
75777,0.94160086
75776,0.9999598
75775,0.9999598
75774,0.9999598
75773,0.9999598
75772,0.9999598
75771,8.4027524e-05
75770,0.99514246
75769,0.9777761
75768,0.02174764
75767,0.0031054607
75766,0.00057612424
75765,0.99706
75764,0.9994802
75763,0.99518025
75762,0.9157667
75761,0.0650836
75760,0.99989605
75759,0.9999809
75758,0.9948309
75757,0.0021706047
75756,0.0005543153
75755,0.99580693
75754,0.99951947
75753,0.9948309
75752,0.0021706047
75751,0.0005543153
75750,0.99580693
75749,0.9780009
75748,0.9947135
75747,0.99990416
75746,0.0013598702
75745,0.99580693
75744,0.9780009
75743,0.022658126
75742,0.002255861
75741,0.00057612424
75740,0.99566275
75739,0.9780009
75738,0.0235291
75737,0.002255861
75736,0.0005543153
75735,0.99706
75734,0.99949217
75733,0.9948309
75732,0.0020622646
75731,0.00054732483
75730,0.99990046
75729,0.999388
73221,0.0002983732
73220,0.99868494
73219,0.98863447
73218,0.017739099
73217,0.0008657339
73216,0.0002983732
73215,0.9987155
73214,0.98239946
73213,0.9905129
73212,0.0008657339
73211,0.0002983732
73210,0.99868494
73209,0.98863447
73208,0.017739099
73207,0.0008657339
73206,0.9999784
73205,0.9999784
73204,0.9999784
73203,0.9999784
73202,0.0008455914
73201,0.00029142728
73200,0.99863964
73199,0.98863447
73198,0.017739099
73197,0.0008224694
73196,0.058527578
73195,0.998648
73194,0.99977916
73193,0.99997056
73192,0.0008005602
73191,0.05849682
73190,0.99998724
73189,0.99979097
73188,0.99997056
73187,0.0008005602
73186,0.00027589922
73185,0.998611
73184,0.9880023
73183,0.017203422
73182,0.000112004986
73181,0.00022122223
73180,0.998611
73179,0.9880023
73178,0.017203422
73177,0.0008005602
73176,0.00030860835
73175,0.99864334
73174,0.9880023
73173,0.01680955
73172,0.000819631
73171,0.0002824751
73170,0.99997056
73169,0.99997056
73168,0.99997056
73167,0.000819631
73166,0.00027589922
73165,0.99864334
73164,0.9880023
73163,0.99990296
73162,0.99990296
73161,0.0012650773
73160,0.99903524
73159,0.98539144
73158,0.010957479
73157,0.002932653
73156,0.99990296
73155,0.9990576
73154,0.98539144
73153,0.010595753
73152,0.0052902014
73151,0.0014148927
73150,0.9990576
73149,0.98504835
73148,0.011215794
73147,0.0026849092
73146,0.014402695
73145,0.99990296
73144,0.98539144
73143,0.011215794
73142,0.002932653
73141,0.0012951993
73140,0.99903524
73139,0.98539144
73138,0.010595753
73137,0.0026849092
73136,0.0008953827
73135,0.9990576
73134,0.99990296
73133,0.99990296
73132,0.99990296
73131,0.99987113
73130,0.99987113
73129,0.999838
73128,0.999838
73127,0.999838
73126,0.0011977331
73125,0.99900466
73124,0.98458165
73123,0.010379533
73122,0.0024831246
73121,0.013550506
73120,0.99999166
73119,0.98421985
73118,0.010501912
73117,0.0025126357
73116,0.0012262535
73115,0.99898094
73114,0.98458165
73113,0.010379533
73112,0.002542175
73111,0.0012262535
73110,0.99898094
73109,0.98421985
73108,0.010624375
73107,0.9667323
73106,0.0013395841
73105,0.99900466
73104,0.999959
73103,0.9989127
73102,0.9667323
73101,0.01091345
73100,4.7619124e-05
73099,5.3851447e-05
73098,0.010379533
73097,0.0024831246
6783,0.99248934
4135,0.99999416
4135,0.99999416
56973,0.9882536
5895,0.9999907
56357,0.9820103
6326,0.013618139
3975,0.9997224
8163,0.994048
53413,0.995675
53202,0.9512664
3987,0.9722826
8578,0.9967392
55906,0.026189405
10164,0.9999794
58239,0.99997807
3975,0.9997224
54128,0.9985898
54128,0.9985898
5042,0.9542939
51298,0.9951735
31115,0.99999917
27099,0.99999833
22924,0.9999521
45772,0.8914662
31239,0.99995255
28193,0.99423814
30921,0.035105526
20529,0.9991021
24661,0.039787553
24661,0.039787553
31697,0.9531908
37276,0.025563253
37180,0.99998844
40645,0.9999763
34631,0.043604605
31905,0.9998989
46951,0.00019872161
46725,0.99748105
45198,0.020608483
45418,0.017727453
45198,0.020608483
42920,0.9983493
44485,0.9949079
50213,0.0028742154
48622,0.0016023932
49172,0.004048381
46907,0.0028470152
44485,0.9949079
44027,0.00081639143
43976,0.0013660607
41404,0.9368828
46725,0.99748105
41442,0.00027345744
41640,0.9999447
50000,0.9999902
47908,0.017566774
44485,0.9949079
41322,0.0021552201
50419,0.98396134
50364,0.9829243
42920,0.9983493
47908,0.017566774
46907,0.0028470152
42712,0.0028331587
51110,0.9964851
41404,0.9368828
44485,0.9949079
45418,0.017727453
45418,0.017727453
70617,0.0002984671
64559,0.9995092
64559,0.9995092
64775,0.9990459
67147,0.0028966884
11338,0.0197141
11338,0.0197141
69160,0.99800557
69830,0.9965148
71131,0.00029529282
69559,0.97676873
69685,0.9983222
69683,0.011711297
69841,0.00020207762
70978,0.002525242
69478,0.01922482
69711,0.0014138004
70746,0.0007091985
69476,0.0004903224
69943,0.0233299
69817,0.0015980767
69655,0.9957243
70744,0.93528074
67718,0.023182213
62545,0.9995153
65704,0.98368883
46064,0.9841249
10764,0.980768
67322,0.0021275613
17506,0.0015365302
63190,0.99525404
20152,0.003032162
62545,0.9995153
16499,0.9444211
44721,0.0014138004
17755,0.997569
17055,0.99819946
68546,0.00020699324
70380,0.99988806
71164,0.9878483
19035,0.99870527
17829,0.97752476
70433,0.00786028
20250,0.9991266
61940,0.99890006
12300,0.9995372
18901,0.0014191212
12218,0.11310396
67322,0.0021275613
16499,0.9444211
42821,0.00037373023
20250,0.9991266
17415,0.9972772
17119,0.98309314
12300,0.9995372
12108,0.0016260103
17889,0.98431987
16499,0.9444211
63120,0.99587977
12845,0.99889296
12778,0.017368436
12108,0.0016260103
15437,0.0026082501
63758,0.01755112
16111,0.00065310183
63120,0.99587977
13263,0.01619974
63320,0.99588555
12778,0.017368436
68645,0.9995741
17766,0.00037378244
16111,0.00065310183
11655,0.9968451
45390,0.999894
11494,0.9823992
71195,0.9986864
65866,0.000567153
20106,0.0006432974
64053,0.015371144
70086,0.0008321481
13058,0.024493966
67628,0.01303939
67082,0.0027525614
11643,0.011272455
62971,0.00032768675
67082,0.0027525614
61940,0.99890006
64053,0.015371144
17755,0.997569
11643,0.011272455
10764,0.980768
64053,0.015371144
15835,0.99727255
68645,0.9995741
18133,0.018817334
19618,0.012269253
17506,0.0015365302
10595,0.99856466
48098,0.010408845
71189,0.98331535
62342,0.00034367706
16081,0.0003876666
16864,0.9893672
19497,0.0055104448
12354,0.99688417
47369,0.98450494
46064,0.9841249
16864,0.9893672
18235,0.9998822
66035,0.9999852
43032,0.9743103
17582,0.9693029
62603,0.99873656
15746,0.04930803
63094,0.9995827
11681,0.043839023
66035,0.9999852
70149,0.9997867
70437,0.98518664
67158,0.9957333
19550,0.9998758
16966,0.050930794
10580,0.99998546
16228,0.99773324
14250,0.99998987
70112,0.97203606
63398,0.997186
70058,0.996747
19550,0.9998758
66289,0.99995995
62845,0.9999844
65487,0.9583861
63660,0.9999505
19665,0.99993193
13614,0.99979275
47321,0.04884629
20234,0.9999211
65109,0.99967444
63303,0.9988206
19583,0.9985911
10317,0.9983918
66766,0.018745346
11038,0.9884467
67968,0.99704534
18950,0.9999857
17465,0.99992275
11427,0.9650028
12415,0.9999919
62795,0.9999956
19213,0.9865132
18156,0.027010322
47758,0.9974712
12828,0.99522156
67034,0.99991846
67786,0.060480602
16617,0.9969279
64705,0.99999166
66758,0.9988192
18950,0.9999857
15751,0.04930803
17878,0.9961344
18593,0.9984187
11251,0.05739549
67845,0.99997544
12224,0.99983644
44388,0.99371743
19665,0.99993193
18009,0.9997882
62117,0.96723914
19555,0.99988496
18692,0.9757499
10580,0.99998546
14250,0.99998987
19213,0.9865132
64362,0.96929306
17770,0.99997365
14651,0.025655206
68220,0.99998236
18009,0.9997882
17909,0.9998252
14651,0.025655206
13343,0.9967746
15845,0.99997175
63303,0.9988206
14651,0.025655206
16966,0.050930794
14965,0.99994683
48141,0.013356335
47758,0.9979273
17810,0.99997425
18857,0.9617256
16953,0.99703515
16966,0.050930794
14960,0.99994934
17582,0.9693029
10961,0.05695872
14960,0.99994934
17582,0.9693029
18156,0.027010322
17877,0.93874514
20246,0.021375226
15421,0.0556108
10444,0.99996245
15884,0.9997882
67786,0.060480602
15599,0.9998771
20072,0.97324467
18343,0.99774015
18387,0.9511243
16998,0.9962774
14730,0.999987
65105,0.9999527
62193,0.99932814
15673,0.9974291
19610,0.999962
64292,0.97891766
20234,0.9999211
11513,0.9961733
11076,0.04965536
49507,0.96383625
19610,0.999962
14651,0.025655206
11076,0.04965536
49507,0.96383625
63107,0.9312544
20072,0.97324467
19550,0.9998758
14193,0.99885225
69057,0.9432538
68996,0.058550764
68977,0.9647736
69170,0.9999875
71517,0.9478455
71533,0.99551207
71515,0.9998826
71473,0.9923826
71471,0.060430117
69285,0.99995327
69302,0.95560884
71450,0.99996066
71038,0.99873656
70795,0.9999981
12264,0.99957293
61983,0.9945332
16555,0.9999994
19840,0.9999715
62003,0.9963981
19544,0.99979144
71215,0.99999535
19885,0.9999491
19126,0.046841595
15749,0.99980503
61983,0.9945332
17999,0.99980074
64163,0.99811316
15784,0.9998117
61647,0.93168277
12867,0.95531994
70279,0.9999356
18736,0.01430612
62072,0.9819339
18736,0.01430612
15530,0.9999399
19501,0.08339327
11110,0.9999088
68084,0.9998011
11152,0.9195831
12867,0.95531994
14612,0.98147434
19544,0.99979144
19131,0.046841595
11110,0.9999088
19126,0.046841595
19126,0.046841595
16555,0.9999994
18736,0.01430612
15530,0.9999399
15530,0.9999399
19885,0.9999491
56317,0.98226696
52407,0.9708435
8455,0.99998474
8455,0.99998474
10253,0.99983644
53816,0.022178652
1077,0.9662734
56037,0.95395935
8455,0.99998474
7884,0.99985623
16863,0.018910961
66868,0.011154917
68330,0.99988234
18001,0.00093585026
16464,0.95729
10869,0.9792556
17490,0.996053
17490,0.996053
61888,0.016408319
68871,0.00082738785
65141,0.00034116118
11882,0.001275229
17984,0.97939426
66519,0.9493087
65453,0.018687293
11107,0.004026578
67275,0.9967957
16877,0.0008814809
65048,0.016258262
18213,0.015544087
19442,0.0031424419
13217,0.004760515
19116,0.00043881353
13215,0.9978491
13943,0.01831592
15443,0.013360302
62523,0.001034931
67079,0.98597103
65901,0.00057473604
19800,0.9974267
64692,0.0003817613
10676,0.0002453765
65898,0.01755112
13790,0.99896944
49839,0.990625
14957,0.003044364
10459,0.9922065
19024,0.9852533
17683,0.014405376
15078,0.016288254
49878,0.010841793
10459,0.9922065
16436,0.00041737763
67066,0.0002621918
65430,0.9957268
67246,0.00033729555
46677,0.0042655864
16107,0.0026332315
11305,0.9981774
15228,0.023497922
16852,0.0027353417
64892,0.0021720603
47199,0.98224974
15042,0.00253049
62527,0.0023721547
62197,0.0020032742
11745,0.9986804
19702,0.0028426677
68428,0.00697677
64065,0.9998753
61612,0.0040228986
64612,0.001955356
66458,0.011926637
65015,0.9988187
61997,0.0014874614
19702,0.0028426677
11554,0.9766632
45750,0.99942636
61826,0.00069855317
11529,0.974083
64054,0.98762256
14474,0.9995228
67988,0.016631253
11948,0.0135114575
16107,0.0026332315
15380,0.99806017
10814,0.98093283
14179,0.9962436
15819,0.9836956
13179,0.97782725
68700,0.9997259
17814,0.9771041
18926,0.0002922183
65050,0.99888164
15042,0.00253049
18923,0.017254021
66760,0.9994646
12075,0.9979684
19122,0.0027887113
11636,0.00045049208
63920,0.9983413
12075,0.9979684
63182,0.002588751
65582,0.0028233994
68804,0.99522215
42739,0.9798534
11558,0.016663687
10759,0.980768
47429,0.9833793
19775,0.9967243
66887,0.002511135
15655,0.997682
18019,0.984704
15152,0.0024488147
14363,0.013407658
17520,0.9961391
15979,0.98543036
12158,0.12979649
63170,0.994995
11885,0.9988986
64612,0.001955356
12529,0.9926559
62130,0.9911816
65701,0.00037614163
65965,0.9972933
50835,0.9969855
63546,0.0002168883
15524,0.97982305
48595,0.9977157
46306,0.0005639182
66669,0.9995334
15487,0.0029591813
66489,0.9326608
66001,0.0005717365
10759,0.980768
47199,0.98224974
15819,0.9836956
14482,3.292014e-05
15029,0.9822933
15803,0.018254666
11851,0.00045833387
64369,0.9326608
63792,0.002078802
67806,0.00021357839
18036,0.00057598914
18482,0.0002820854
11636,0.00045049208
62470,0.99754757
63377,0.002492684
45455,0.9994968
43964,0.98452145
63999,0.98354524
16557,0.00067544525
16955,0.9987405
11558,0.016663687
14210,0.99936825
61848,0.02309099
16811,0.0013187471
62419,0.99793905
66636,4.5098022e-06
43551,0.00020699324
16459,0.9539112
16075,0.9993113
18617,0.00019258799
17436,0.0008666273
19540,0.9956844
65827,0.0042778533
13521,0.00037315814
17436,0.0008666273
64211,0.00012011906
43551,0.00020699324
68111,0.0005504188
62596,0.0008372675
16811,0.0013187471
15278,0.015821258
19327,0.0022430613
17104,0.9835503
17436,0.0008666273
2887,0.0038526983
1186,0.0002570388
8488,0.01835379
55000,0.9958918
55201,0.00020499225
1186,0.0002570388
1383,0.024096647
53581,0.00058244047
1383,0.024096647
57479,0.9829268
738,0.023191728
56476,0.00027192791
8488,0.01835379
24271,0.0006517945
42777,0.0016004614
22298,0.016409105
43739,0.9976357
24594,0.99682045
30802,0.00052179466
27586,0.00041750615
46791,0.0014660123
24176,0.0005356991
21193,0.016250202
22044,0.97610486
30388,0.017049951
43576,0.00043678464
26039,0.98559445
28441,0.0008871398
29181,0.0007899149
28827,0.00062934816
25060,0.99955946
21624,0.9769945
23378,0.017524133
28249,0.98280495
22926,0.00082210393
29286,0.0012143679
21872,0.0015120764
21624,0.9769945
48334,0.985719
28866,0.00019211133
28827,0.00062934816
26054,0.9861244
27856,0.0005189644
47439,0.9833618
24770,0.99955934
41903,0.011676826
26402,0.00296346
28402,0.002767588
23948,0.013541561
26436,0.0007900779
27286,0.00094393396
23688,0.019371282
45380,0.9998908
23688,0.019371282
27530,0.9976046
49693,0.0020702581
30111,0.0006403048
48699,0.9719059
28441,0.0008871398
27750,0.99585354
22379,0.9834077
31208,0.0043402775
27689,0.9804016
44514,0.9709644
21837,0.002804712
22926,0.00082210393
25942,0.0025816015
22134,0.9803844
26827,0.00034358172
48334,0.985719
21941,0.00034834116
28847,0.0025618589
43576,0.00043678464
26577,0.0015424085
29995,0.9949876
21312,0.002420695
20775,0.99983275
28017,0.0033141137
47562,0.00043391742
29490,0.9980185
23571,0.0005583248
30924,0.90795654
20507,0.0003165009
24650,0.99972004
24650,0.99972004
24650,0.99972004
30328,0.017997717
23302,0.0028417257
28677,0.0015412406
30728,0.018004732
37718,0.017665088
34977,0.00045849907
40138,0.017882014
40776,0.0002706845
39582,3.3913057e-05
34284,0.9806913
41142,0.001298377
41287,0.000497364
35651,0.0002742849
41287,0.000497364
32566,0.0008760785
39300,0.9991033
40654,0.98662865
39551,3.0584993e-06
35389,0.9998691
32257,0.0028598814
49031,0.00016119544
49031,0.00016119544
32224,0.9774631
38411,0.0014581264
48282,0.0016041824
40949,0.9819916
31917,0.0021846895
39991,0.0005873588
44802,0.0022902144
40766,0.00027311663
36495,0.9966535
37945,0.99878615
32257,0.0028598814
33058,0.13883644
40766,0.00027311663
36840,0.998803
31302,0.0020315566
44802,0.0022902144
31738,0.015881712
35393,0.006254339
39081,0.0007399487
40716,0.00037373023
41612,0.0007760038
36298,0.018845314
40634,0.9859947
35393,0.006254339
36654,0.980842
36636,0.00025911155
47796,0.00040809799
35266,0.0003602808
34089,0.9777133
50571,0.0003055452
46744,0.9812261
36894,0.98354983
39241,0.00012802077
46992,0.0012342987
32277,0.0015281455
47796,0.00040809799
36636,0.00025911155
39498,0.01699728
37182,0.0019549849
40647,0.0016221467
32462,0.0041030534
31410,0.9989766
31957,0.0029858537
36837,0.0026007758
37675,0.99903107
32536,0.00054626085
31336,0.00054435025
32846,0.00077228725
35083,0.001642087
39036,0.00045467075
37493,0.0011636352
33619,0.9872996
31797,0.001959137
31797,0.001959137
32594,0.9812355
34103,0.023093136
37048,0.014324847
36344,0.98477805
31336,0.00054435025
46495,0.99998415
50236,0.9998185
69890,0.9999589
48329,0.9999639
18160,0.99993086
18160,0.99993086
18154,0.99992955
10394,0.9999877
20029,0.99992585
66423,0.999977
15338,0.9999416
71192,0.99995625
17279,0.9999654
64951,0.9999639
16477,0.9999696
16477,0.9999696
14003,0.99995863
16477,0.9999696
18763,0.9999883
14621,0.99996185
15338,0.9999416
15369,0.9999285
70022,0.99984384
15480,0.9998876
64765,0.999838
64765,0.999838
14003,0.99995863
63141,0.0006100941
66665,0.9996507
17834,0.9790252
68647,0.00017330635
18247,0.0025532283
20047,0.001786761
61825,0.9988238
14774,0.9891963
15376,0.001178154
43578,0.057142377
67387,0.0023981438
17386,0.0005645902
12235,0.9982229
67114,0.9941116
42112,0.0030028436
62463,0.08362115
67702,0.0028233994
62713,0.018331246
11025,0.9972042
42112,0.0030028436
63712,0.0027224596
14178,0.0020530382
67458,0.02426472
65506,0.0013737509
43441,0.00012131725
46523,0.022663875
16233,0.0071953717
17952,0.0021456676
13152,0.003466873
10658,0.016926002
49875,0.9997677
65022,0.0029655444
16850,0.9991394
65162,0.002175203
15576,0.00022016025
64037,0.001631475
17267,0.0023704446
16155,0.9998841
62692,0.00087431975
61913,0.01668084
49674,0.9968676
67415,0.994995
18181,0.00037917143
68284,0.9927517
15202,0.0024063704
66400,0.9992168
19168,0.01577406
20124,0.98230547
49190,0.99802667
64495,0.9999844
12442,0.0021655373
64533,0.0028224264
62854,0.9864086
10658,0.016926002
62161,0.00011733079
17907,0.0026809538
17563,0.013360302
19889,0.97701925
20124,0.98230547
15664,0.9843397
16083,0.012959372
10614,0.98799896
66078,0.018240435
20112,0.002469787
17563,0.013360302
14910,0.99829763
43912,0.00038228373
42783,0.014514583
15664,0.9843397
43772,4.1837986e-05
16466,0.00038182628
12291,3.3971048e-06
48430,0.998818
13479,0.987334
18140,0.99835384
67264,0.9807967
65022,0.0029655444
16682,0.002655785
48430,0.998818
63947,0.003635415
19057,0.0028872546
10586,0.00028239517
62884,0.9864086
18838,0.003335881
44758,0.021468583
48430,0.998818
62135,0.99835986
12235,0.9982229
15202,0.0024063704
13067,0.0025863193
10865,0.9983504
67881,0.0003766564
19782,0.001675057
14977,0.0030772155
68186,0.00047806092
16369,0.9528617
19389,0.9802335
10804,0.9815139
65591,0.00062091067
17400,0.9954776
43670,0.9997714
19989,0.98290294
16378,0.014727687
63969,0.98337215
65249,0.9792436
15438,0.013382356
10348,0.00091425644
13413,0.023746733
13213,0.016724555
17361,0.0005552177
17724,0.98682797
19030,0.99873537
10892,0.0022222912
11414,0.9853719
65190,0.99680007
15403,0.019895
67168,0.015806006
15929,0.9850343
65976,0.0003948136
62287,0.00027153853
20291,0.00071642554
44084,0.984553
17724,0.98682797
19030,0.99873537
15856,0.00092185865
16850,0.9991394
14303,0.012351878
13176,0.0008343776
14384,0.95159125
20076,0.0006022519
18260,0.9998878
47509,0.98878646
45134,0.98115206
50667,0.0020436593
12540,0.99905795
17369,0.9806368
11451,0.00032301954
68791,0.00079904357
20076,0.0006022519
17992,0.002253977
13067,0.0025863193
13892,0.004142237
16042,0.0013192841
47094,0.9760643
18973,0.017316502
16615,0.9995328
42105,0.998173
10697,0.002637706
18069,0.98443776
17563,0.013360302
18016,0.00093585026
14241,0.00022895244
14350,0.9995004
14350,0.9995004
43653,0.06594714
62657,0.0027571595
18034,0.98420507
17002,0.0030676299
43853,0.0029173475
64456,0.00021600543
12852,0.003040128
16497,0.00020453674
18458,0.08230857
16437,0.0017498644
14953,0.015867632
15379,0.98293173
64091,0.0009143144
16797,0.002694519
44152,0.0027755864
68520,0.9990073
10496,0.0011974176
63567,0.0016348315
10634,0.9836088
14953,0.015867632
44334,0.98081106
44152,0.0027755864
14636,0.00091491174
51289,0.98114485
62670,0.9990682
12023,0.0060343975
63956,0.00045195315
41667,3.7421072e-05
22052,0.0039882986
24392,0.0015303807
24966,3.384905e-07
77169,0.9997836
49888,0.014534985
42844,0.9832192
24548,0.0066739493
23701,0.0008315124
28355,0.99826956
22499,0.99606305
72402,0.0032317457
46170,0.99869674
74467,0.0014625035
74449,0.9845019
26976,0.00039887073
24787,0.0018806905
22200,0.9988423
25907,0.0026227515
27828,0.021165954
46906,0.00061560475
26364,0.9822196
28224,0.98634154
74968,0.010048692
24750,0.99966156
26800,0.9991142
73796,0.0010776303
74770,0.999858
48035,0.99942744
74394,0.9810878
22638,0.07320088
29587,0.0028072966
27828,0.021165954
25151,0.00087894977
46447,0.0021181703
43577,5.4563046e-05
27663,0.017780857
23196,0.00028863148
24953,0.0013609993
27478,0.014949556
74769,0.99812573
72418,0.016834138
23689,0.978974
29312,0.0025439565
25713,0.021538746
24619,0.9969221
43613,0.05249999
45769,0.9787542
27888,0.018473718
21338,0.017995497
27823,0.023947554
44456,0.00060327566
25401,0.0005409252
30546,0.0007823403
30511,0.0007406746
73794,0.9899929
77111,1.5939197e-06
74966,3.4875518e-06
25710,0.9950858
28439,0.98027
21839,0.97822636
77039,0.9251369
50255,0.9990544
45537,0.002359608
74134,0.9748311
22482,0.0004476057
25401,0.0005409252
28162,0.001547427
77146,4.308666e-07
30835,0.99883586
30310,0.9982463
29837,0.0033181894
30989,0.92863995
29923,0.0155106
77110,0.9999896
26792,0.00030388727
49782,0.00031015716
22224,0.98091394
74839,0.9832302
27776,0.00055591343
27565,0.99881196
41676,2.2983354e-06
42828,0.018821357
42337,0.0023633882
44456,0.00060327566
29926,0.000825094
27928,0.015022634
28491,0.00089408265
25795,0.9971123
26320,0.9971934
51133,0.012995464
50377,0.0018866819
27032,0.00027273517
49299,0.9809012
27897,0.0051904097
30323,0.017840272
30085,0.99823356
41667,3.7421072e-05
27928,0.015022634
25223,0.017098928
22196,0.0008658692
30085,0.99823356
26543,0.016809398
43638,0.05249999
25219,0.9869419
46882,0.0026360594
26183,0.016920505
30842,0.002351872
21380,0.9967338
43613,0.05249999
22499,0.99606305
27848,0.023374613
41388,0.0014191165
26720,0.99906987
28959,0.84966135
31133,0.010865316
25713,0.021538746
44179,0.98604697
50406,0.0002542325
25085,0.9996604
27828,0.021165954
22374,0.98313004
28355,0.99826956
28835,0.98667395
44686,0.0010983915
21186,0.00058386696
29231,0.0008397215
28889,0.650907
29926,0.000825094
30658,0.020176344
27776,0.00055591343
24992,6.869506e-06
27399,0.98790586
26876,0.0006123281
46447,0.0021181703
25273,0.016687043
26369,0.98147917
49402,0.0031782358
25795,0.9971123
25306,0.00026582522
71986,0.00019937239
23689,0.978974
28155,0.998257
71894,0.97714055
23951,0.00019906713
71947,0.0014450089
71821,0.0010983915
72107,0.003994391
71945,0.9964677
72053,0.023024704
71873,0.020234767
75106,0.00021268001
30085,0.99823356
71944,0.98501146
72016,0.0003328736
23184,0.98541707
42828,0.018821357
72122,0.003994391
71905,0.99820304
71904,0.97825897
71814,0.9840274
20787,3.4744713e-05
71922,0.00278405
41388,0.0014191165
20689,0.9469279
43638,0.05249999
71937,0.0014450089
71811,0.0010983915
24997,5.8229843e-06
50882,0.0043288665
71936,0.00018874831
30872,0.0024044574
75116,0.00019712563
45242,0.002991267
75169,0.99282163
22193,0.018146088
25902,0.0025162727
24167,0.0026804132
20595,0.99772364
24125,0.998061
26729,0.9958973
25336,0.0002639956
25012,0.0012293865
47600,0.9960448
29203,0.0027829767
21346,0.00035111693
21874,0.9856677
23464,0.982467
23533,0.024789972
24915,0.9999945
25016,0.00046418252
42154,0.9827101
30713,0.017867297
29348,0.015928164
43971,0.0012951993
28724,0.9890702
22840,0.997532
21484,0.98055065
26293,0.01706507
28988,0.1311272
36547,0.0015551005
33603,0.018809125
34577,0.0029323143
38950,0.9983583
38950,0.9983583
34742,0.002871348
39471,7.841235e-06
38916,0.00051365874
33006,0.00013054119
33961,0.00069769693
37224,0.94352
40578,0.022662994
49076,0.00030678662
33961,0.00069769693
38531,0.0002068015
36454,0.9856814
40712,0.0016609296
33045,0.99701285
33537,0.0008929158
34845,0.99894315
34845,0.99894315
37471,7.033926e-06
39471,7.841235e-06
35549,0.9946424
31747,0.0023480598
34932,0.00297295
38767,0.0028752869
39141,0.000110014946
35199,0.86494046
34672,0.002940002
37430,0.99888474
34839,0.9833451
38296,0.0010135672
35868,0.015746597
38004,0.98050255
40064,0.9828902
45993,0.0030300599
32184,0.9847611
38423,0.012858741
39455,0.9995454
38920,0.99833065
38129,0.97888297
31476,0.0002950114
33744,0.98389024
38866,0.0007377639
36757,0.0019597618
32695,0.99830675
36352,0.0026112886
36093,0.02468535
39307,0.0002580325
35120,0.99813664
31794,0.9814974
45882,2.5375906e-05
36996,0.0006921821
36297,0.003415097
31691,0.00045477584
39206,0.00012477336
33883,0.01676002
31580,0.99880695
35577,0.0024686288
32529,0.9823284
39328,0.014989396
37111,0.00010109243
39814,0.9884062
34834,0.98257655
39224,0.99624926
39166,0.00011287829
32151,0.0010289061
35595,0.9990606
36034,0.98197824
35296,4.7812305e-06
39317,0.0002580325
32574,0.9809893
36222,0.0045056734
48860,0.9983847
33121,0.00034166648
40412,0.0045424555
34814,0.9832169
40412,0.0045424555
36685,0.99801433
35823,0.016305683
40412,0.0045424555
48978,0.021823283
50002,0.0003431791
50002,0.0003431791
47208,0.016900789
43689,0.97412044
43681,2.8643278e-06
44895,0.99743074
50365,0.9985879
43908,0.0031086863
50437,0.0027462612
50566,0.0003086978
47468,0.022987204
43689,0.97412044
49528,0.01800178
44474,0.9788148
41832,0.00038228373
49765,0.9998492
42885,0.99901974
50620,0.9983847
50620,0.9983847
46636,0.00038468116
43268,0.014839447
48208,0.017384436
43157,0.0033720632
48018,0.0010283005
46870,0.9985404
45611,0.00022592543
42885,0.99901974
51248,0.017115662
48163,0.017251652
41569,0.94937456
10936,0.00030596525
20042,0.0019843774
18219,0.988993
18406,0.00013546704
18406,0.00013546704
68467,0.0021552201
44830,0.9965148
18486,0.00021352463
12001,9.6523785e-05
18258,0.017989377
61902,0.0034308787
16313,0.0014414706
10899,0.97997415
17372,0.0034424735
16662,0.0020611167
14472,3.292014e-05
18729,0.99519217
11597,0.0024667177
47153,0.015749611
65750,0.99762434
15000,0.9989254
11562,0.0040856614
19423,0.024847893
16600,0.9994622
62326,0.0004106461
62314,0.9572319
17372,0.0034424735
64687,0.00036191646
64881,0.00022570431
16365,0.99935275
61993,0.016860044
11498,0.022802588
16691,0.0010132394
12356,7.816366e-06
15831,0.0009892521
13706,0.00092185865
68250,0.99927765
18486,0.00021352463
13977,0.0031373387
16794,0.9854189
11347,0.0023384844
13669,0.9836956
13551,0.00039481698
11347,0.0023384844
66768,0.0010191503
15322,0.0047270525
43794,0.9946891
13854,0.98544806
15396,0.0011596428
16691,0.0010132394
42171,0.00048278255
73096,0.0012262535
73095,0.99900466
73094,0.9946813
73093,0.0032196108
73092,0.0003457056
73091,0.00085961743
73090,0.9999933
73089,0.99996805
73088,0.99884367
73087,0.9837436
73086,0.0008543281
73085,0.9994961
73084,0.9946813
73083,0.0032196108
73082,0.98320574
73081,0.99997723
73080,0.99997723
73079,0.99997723
73078,0.99884367
73077,0.9820778
57575,0.99715304
57380,0.99998
57353,3.1307096e-05
56552,0.99990034
56234,0.99999714
56194,0.9998697
55798,0.9999542
55566,0.00046079076
55447,0.0020162822
55199,0.9867334
54930,0.9969681
54733,0.014858064
54673,0.9999794
54417,0.0019516337
54280,0.99900013
54146,0.0005704902
53676,0.00039696708
53543,0.9977653
53430,0.9979272
53297,0.9999658
53255,0.99992764
53186,0.0005430073
52834,0.97640604
52824,0.99997365
52773,0.014020636
52727,0.9521192
52620,0.9987392
52376,0.9999026
52085,0.99998677
51898,0.0014475818
51744,0.9999784
51255,0.9981949
50877,0.005426277
50813,0.987038
50607,0.0023017973
50026,3.326426e-07
49820,0.99996173
49696,0.00012294814
49561,6.971916e-05
49413,0.9998975
49302,0.0019697468
49290,0.99712676
49136,0.00024325652
49113,0.9972621
49109,0.9827995
49081,0.00035360828
48778,0.018645192
48176,0.00029605476
48029,0.99997485
47917,2.0920297e-05
47330,0.9991259
46984,0.98904747
46838,0.9959357
46687,0.9197785
46623,0.022661922
46443,0.017331967
46411,0.0003280678
46305,0.9980692
46292,0.0028415718
45780,0.99999905
45725,0.9995154
45583,0.0015168542
45285,0.9999894
45232,0.9504332
45219,0.98456186
44964,0.9999316
44910,0.99998057
44567,0.0055188495
44504,0.97897595
44477,4.144635e-05
44435,0.9999207
44279,0.9786088
44069,0.9861785
42925,0.99994385
42845,0.99756867
42569,0.9999285
42307,0.0021674724
42210,0.9983693
41735,0.0054589068
41611,8.419708e-06
41304,0.99995995
40991,0.00057687203
40894,0.98304117
40774,0.9773243
40278,0.019817343
40153,0.014737827
40035,0.9988187
39991,0.0005873588
39767,0.0027034585
39765,0.999838
39718,0.99988854
39606,0.0007773793
39562,0.9996933
39540,0.99999297
39465,0.9999262
39191,8.249433e-05
39006,6.9048045e-05
38776,0.0008794767
38466,0.05088385
38383,0.012536618
38303,0.0175755
38256,0.0009910299
38023,0.0149362
37702,0.99997056
37565,0.999116
37186,0.00011568436
37159,0.9864172
36853,0.022743883
36590,0.9999471
36412,0.0026899087
36289,0.99976665
36238,0.9932815
36141,0.0005429289
35746,0.9999007
35406,3.701791e-06
35370,0.9998387
35343,0.99984014
35193,0.0146856895
34181,0.046934076
34137,0.0050425427
33989,0.9993304
33884,0.9830177
33847,0.9999795
33811,0.00035947264
33575,0.99889463
33411,0.000691
33238,0.044493634
32595,0.99715257
32457,0.0040666545
32452,0.99996674
32207,0.002879647
32030,0.9971673
31346,0.00052690605
31241,0.014088198
30955,0.9980414
30805,0.99949944
30317,0.004191274
30159,0.98677176
29784,0.9999807
29771,0.9999807
29733,0.023106204
29248,0.0030191778
29129,0.99998105
29031,6.5263244e-05
28678,0.01728167
28476,0.00089408265
28229,0.9834932
28217,0.0016255876
27994,0.9999459
27972,0.9550303
27869,0.999405
27693,0.015079978
27575,0.99995804
26895,0.9979201
26864,0.99944144
26823,0.9998503
26599,0.9998778
26525,0.99999046
26489,0.9856499
26232,0.004195043
26224,0.9999671
26119,0.9823199
26116,0.00037523752
26020,0.99827385
25920,0.9999652
25897,0.0001056396
25593,0.99193805
25178,0.99909854
25064,0.99587005
24952,5.6513873e-06
24927,0.9998192
24755,4.0841496e-05
24529,0.99995434
24197,0.99992585
24119,0.98168737
23579,0.9716499
23533,0.024789972
23176,0.046803817
23028,0.010608273
23011,0.00042343687
22464,0.9889797
22314,0.9844786
22203,9.135407e-05
21664,0.9999285
21475,0.99726593
21125,0.99876285
21067,0.9644171
20999,0.9857265
20974,0.999838
20863,0.001185552
20426,0.00014882628
20324,0.99176204
20233,0.999913
19871,0.0002684593
19864,0.98031634
19712,0.002957429
19694,0.9784201
19626,0.0011036446
19545,0.9956916
19315,0.9998764
19191,0.00034376245
19111,0.0005911024
18664,0.99690044
18405,0.99929667
18120,0.9983346
17453,0.020542217
17304,0.9788696
17108,0.018502068
17056,0.0005864598
17013,0.016816098
16721,0.0008997289
16707,0.0027876876
16367,0.00017610472
16362,0.0002820854
16292,0.0021881952
16238,0.0019149
16221,0.039686415
15692,0.0044091255
15507,0.0030518628
15307,0.004500441
15281,0.0011056699
15132,0.0022047344
15069,0.99974376
14933,0.99997354
14837,0.94284403
14805,0.9987746
14692,0.0026900303
14066,0.00011469809
14066,0.00011469809
13558,0.99998057
13542,0.0014724678
13507,0.0015216803
13397,0.9999474
13391,0.0006497539
13326,0.99985063
12374,0.99993205
12358,0.9935567
12173,0.14199206
11942,0.0027140884
11825,0.99986684
11810,0.9979407
11464,0.9998441
11289,0.9997203
11272,0.0024641813
11146,0.00075430615
10953,0.99296606
10944,0.9800789
10763,0.014241927
10234,0.00011129996
10089,0.99993765
9563,0.9981719
9491,0.00058635336
9456,0.00054405845
9172,0.0025481174
9120,0.99849033
9050,0.9955853
9033,0.9932153
8968,0.024261972
8918,0.024342338
8870,0.00013334192
8826,0.00037872273
8443,0.01783476
8398,0.9988059
8319,0.99996924
8170,0.9993861
8132,9.300481e-05
7552,0.002503138
7339,0.99992955
6808,0.022919476
6727,0.0019373761
6299,0.99996793
5562,0.0013657173
5421,0.04226298
5350,4.993591e-05
5109,0.9876631
4825,0.996899
4564,0.98059344
4404,0.9857932
3889,0.9391398
3833,0.1288486
3747,0.0026480362
3522,0.0020068735
3411,0.000627241
3274,0.9999776
3027,0.0001035374
2988,0.9999428
2986,0.9999428
2895,0.99626863
2886,0.00092223025
2863,0.016333269
2783,0.021520657
2710,0.9999846
2643,0.99998415
2635,0.99829715
2456,0.00023431783
2409,0.9999509
2282,0.99985445
2232,0.00034641902
2016,0.00017174668
1539,0.9840044
919,0.99978393
738,0.023191728
508,0.017761065
396,0.00056903536
207,0.0008989478
202,0.002909918
117,0.00028167907
116,0.0003794484
57746,0.024661953
57388,0.024475824
57041,0.9998461
57019,0.999918
56788,0.99970466
56671,0.00043366084
56641,0.0005543208
56531,0.04189056
56150,0.9999018
54738,4.914779e-05
54676,0.9999794
54527,0.92579067
54213,0.003000211
53921,0.00013599146
53842,0.9999701
53840,0.9999701
53044,0.99979717
52798,0.9998795
52728,0.016534975
52604,0.985293
52599,0.9851628
52539,0.9999
52530,0.9985971
52132,0.00018466832
51048,0.021104751
50835,0.9969855
50727,0.999974
50684,0.9812526
50392,0.0020590092
50036,3.1142378e-07
49416,0.9998975
48998,3.0888623e-05
48888,0.012362459
48598,0.02319169
48317,0.92853415
48310,0.9999639
47783,0.9998599
47734,0.9416975
47652,0.9998841
47253,0.9999455
46701,0.0010240434
46585,0.9951698
46521,0.0005846594
46307,0.0019304262
46136,0.00027122366
46041,0.01561426
45801,4.699588e-06
48098,0.010408845
68203,0.015820581
11154,0.9749772
66951,0.00029431892
13374,0.9794893
64598,0.0020024106
68203,0.015820581
17766,0.00037378244
66951,0.00029431892
16005,0.9982994
16718,0.002642314
67630,0.99849486
70039,0.981104
47369,0.98450494
67515,0.9972362
10707,0.0025903976
17862,0.0044832677
10707,0.0025903976
19035,0.99870527
19618,0.012269253
65994,0.98406315
12108,0.0016260103
63280,0.9971935
17506,0.0015365302
18645,0.9952668
63280,0.9971935
15915,0.99908864
20106,0.0006432974
16989,0.98570824
16111,0.00065310183
64986,0.00058213
62768,0.018450487
12327,0.0002971137
44697,0.0024499297
64919,0.9847532
47141,0.0005347701
18235,0.9998822
49955,0.99999034
68481,0.00013655047
16864,0.9893672
48869,0.9833189
67718,0.023182213
68098,0.02731488
19915,0.99832064
15835,0.99727255
63804,0.98196733
19346,0.0005595179
16989,0.98570824
19687,0.0028002479
62971,0.00032768675
19497,0.0055104448
42825,0.99756867
62545,0.9995153
67091,0.00057246606
65994,0.98406315
66060,0.9982578
20106,0.0006432974
12218,0.11310396
17862,0.0044832677
17829,0.97752476
66634,0.94319814
11643,0.011272455
17829,0.97752476
16499,0.9444211
44065,0.99856657
19267,0.0020751276
11643,0.011272455
65704,0.98368883
19618,0.012269253
12354,0.99688417
10764,0.980768
19267,0.0020751276
13069,0.9796752
14755,0.9986897
20250,0.9991266
15835,0.99727255
16864,0.9893672
13974,0.9839318
14911,0.0005864598
17755,0.997569
12124,0.9641615
16005,0.9982994
64472,0.0007037484
67630,0.99849486
17119,0.98309314
17388,0.023885345
48098,0.010408845
19267,0.0020751276
66956,0.0003292117
14859,0.9851382
17119,0.98309314
61843,0.02309099
17889,0.98431987
68915,0.99940634
69002,0.00076603476
69126,0.0005214534
68892,0.00033078977
69158,0.015703391
68941,0.0011460984
69047,0.0008091253
69155,0.99790084
69010,0.99866974
71499,0.9806824
4865,0.9962682
7136,0.00061637565
53959,0.8930634
4865,0.9962682
8496,0.00026938514
8496,0.00026938514
7507,0.001996404
1311,0.00087220874
3186,0.00018990728
57384,0.97097105
60088,0.0012918691
52913,0.021725064
57813,0.018136228
56061,0.00020206277
1311,0.00087220874
55589,0.9845213
60974,0.9814803
59232,0.0026889814
52092,0.00031609138
51830,0.99495536
7923,0.0018247057
696,0.00048738535
51582,0.003397237
7874,0.9982169
58172,0.00019545449
7335,0.9981982
57608,0.01794166
60689,0.98815405
58172,0.00019545449
8273,0.0012749296
5516,0.00052935386
618,0.021708788
59260,0.9982652
60141,0.00019237841
52834,0.97640604
7507,0.001996404
52325,0.99938905
6929,0.9762951
56879,0.984312
5019,0.97231096
56745,0.99821967
56745,0.99821967
56266,0.000519925
51914,0.9717728
56879,0.984312
56266,0.000519925
55199,0.9867334
59400,0.9975431
57304,0.98655635
60468,0.0011260707
59317,0.002944341
4035,0.9768985
59317,0.002944341
53717,0.0013270425
5365,0.9973781
61515,0.9967962
1311,0.00087220874
4859,0.97875834
60035,0.9953257
4859,0.97875834
61515,0.9967962
53448,0.015469616
618,0.021708788
8920,0.9951201
7923,0.0018247057
5439,0.98234206
60035,0.9953257
56726,0.00029580787
55369,0.9818341
4732,0.0033524572
4732,0.0033524572
61382,0.0028583736
56061,0.00020206277
55414,0.98278564
3899,0.87296337
58,0.0009928657
56189,0.9995883
55608,0.017592797
9182,0.0028959352
2612,0.002269931
9804,0.9873769
9661,0.0004799023
51830,0.99495536
7120,0.99840087
4035,0.9768985
3562,0.002641448
2612,0.002269931
1356,0.0008869281
52325,0.99938905
51936,0.00048058596
57203,0.021407885
3186,0.00018990728
60689,0.98815405
52913,0.021725064
53596,0.00058244047
60689,0.98815405
58663,0.018377086
60939,0.97976995
5019,0.97231096
4859,0.97875834
58,0.0009928657
53803,0.016781114
5857,0.00029626145
53524,0.98032254
51936,0.00048058596
232,0.00088729715
52325,0.99938905
53717,0.0013270425
7225,0.99668914
8920,0.9951201
7842,0.00045607044
10098,0.017483016
55589,0.9845213
55369,0.9818341
3878,0.14068496
10098,0.017483016
56745,0.99821967
8920,0.9951201
53473,0.016326299
57873,0.01715084
55259,0.9834651
8340,0.9994135
3186,0.00018990728
57873,0.01715084
8633,0.01644631
7690,0.9989772
55163,0.014765153
53785,0.9818423
749,0.9705043
7507,0.001996404
4807,0.005877206
4549,0.98067
56726,0.00029580787
58,0.0009928657
140,0.9990871
57813,0.018136228
5019,0.97231096
1888,0.008985361
9804,0.9873769
6782,0.0019700346
5019,0.97231096
51468,0.02200126
60974,0.9814803
51468,0.02200126
1356,0.0008869281
7181,0.0006142916
1561,0.00039855717
799,0.9766912
2903,0.015516929
1561,0.00039855717
54008,0.24011962
5858,0.0015902884
5516,0.00052935386
53570,0.9970873
53510,0.99657565
7690,0.9989772
9298,0.014053924
51936,0.00043459277
1311,0.00087220874
60840,0.9987822
60168,0.013214587
55196,0.0002103535
2291,0.00084654713
3878,0.14068496
52325,0.99938905
52092,0.00031609138
9661,0.0004799023
2903,0.015516929
55299,0.9773278
54948,0.01773561
140,0.9990871
43583,0.053205676
21549,0.97316396
21549,0.97316396
21549,0.97316396
27930,0.9963815
45384,0.9895746
74524,0.9834327
75553,0.014570496
75653,0.013723004
72916,2.880682e-06
72199,0.98185444
72226,0.0008210149
24982,5.8229843e-06
42078,0.017034775
27460,0.9986456
27460,0.9986456
48375,0.99887913
24717,0.00030968236
26555,0.99958664
42075,0.99818003
29930,0.9971097
28056,0.0014293839
74855,0.9993793
30816,0.00012438775
20562,0.0024391366
29065,0.9925305
27553,0.0147327315
22490,0.9964322
22310,0.9982311
25988,0.022038547
23890,0.9982002
45762,0.000703393
22490,0.9964322
26130,0.99747604
42078,0.017034775
23952,0.0015239016
45762,0.000703393
27921,0.0010169917
50749,0.9771547
23280,0.9980404
25829,0.9779357
27842,0.0030400571
25316,0.00025399943
21636,0.0010685481
24982,5.8229843e-06
30080,0.99825877
22100,0.9980124
26860,0.99854064
24596,0.00012275988
76938,0.014925667
26130,0.99747604
24450,0.9990213
31049,0.9426706
25724,0.9695282
23423,0.017814858
74953,0.010936476
31049,0.9426706
27947,0.0044508236
21348,0.015078519
21198,0.016276957
46648,0.023659933
29930,0.9971097
30368,0.016771495
21848,0.017237235
21139,0.9849726
21348,0.015078519
25910,0.9983664
44028,0.017739099
21303,0.016209045
30368,0.016771495
46288,0.01654506
20887,0.002103425
23452,0.0019888717
25230,0.99852115
23452,0.0019888717
76933,0.014925667
50080,0.99955827
30816,0.00012438775
29849,0.9712337
28962,0.018446324
20660,0.9993268
2793,0.99513865
56048,0.99934155
5047,0.9524488
2829,0.9993761
10032,0.9801303
7005,0.9998733
52609,0.9999585
8898,0.9950649
10017,0.9801893
4126,0.013071805
57390,0.99997103
60926,0.034681186
56529,0.9999107
52609,0.9999585
8898,0.9950649
6657,0.9575534
8800,0.99979097
58831,0.03268138
60875,0.99995637
58590,0.99999523
8618,0.99684227
8618,0.99684227
4276,0.052976653
360,0.9999825
57716,0.024685513
58632,0.94045854
52407,0.9708435
7983,0.97390723
60883,0.9951866
58274,0.99997914
4411,0.06182711
1132,0.95706254
59646,0.04620184
51553,0.9970488
10253,0.99983644
8164,0.99996996
61110,0.99990654
52644,0.99968374
51494,0.99984753
8162,0.9885882
54264,0.9999583
61007,0.9486825
56927,0.9237367
61551,0.032330554
8162,0.9885882
60453,0.99853253
56927,0.9237367
1291,0.037305254
2020,0.99999917
59739,0.999902
56262,0.98873377
58831,0.03268138
9554,0.9997904
5900,0.999992
59739,0.999902
59561,0.038322017
57703,0.99652797
52506,0.05442547
1165,0.99997234
59561,0.038322017
8515,0.9999945
56257,0.98636764
9140,0.9999597
55613,0.99732554
53666,0.018800613
56772,0.9558872
51494,0.99984753
51613,0.9927187
7302,0.96213824
61046,0.049425572
51893,0.9989453
1337,0.967135
58513,0.9916123
4848,0.9940321
58479,0.99995685
6959,0.9996111
1521,0.020851607
1327,0.97234243
2833,0.989254
52579,0.99995625
4848,0.99335563
3848,0.9750304
3090,0.99993277
1327,0.97234243
10032,0.9801303
61185,0.9999169
2766,0.04891843
58084,0.9998971
3441,0.0421512
55666,0.030209783
1684,0.9999696
4910,0.9998481
1684,0.9999696
6959,0.9996111
55726,0.019079022
60546,0.028010273
53886,0.039505742
60938,0.98940736
51553,0.9970488
56772,0.9558872
57703,0.99652797
3011,0.050783068
10253,0.99983644
4276,0.052976653
8117,0.9380794
6460,0.99999523
52885,0.99988997
10017,0.9801893
9140,0.9999597
60875,0.99995637
5632,0.9654485
58175,0.99999607
7302,0.96213824
2766,0.04891843
51613,0.9927187
58175,0.99999607
6740,0.9997986
1522,0.94706047
1291,0.037305254
1132,0.95706254
6740,0.9997986
7238,0.9951015
1217,0.94016415
8455,0.99998474
8754,0.9997471
55666,0.030209783
61487,0.9631826
51697,0.970574
56529,0.9999107
4910,0.9998481
9944,0.99990594
58800,0.99994826
8117,0.9409614
8754,0.9997471
4411,0.06182711
53063,0.9984366
3848,0.9750304
6657,0.9575534
6460,0.99999523
936,0.050712883
3848,0.9750304
52506,0.05442547
10017,0.9801893
7725,0.99998367
8800,0.99979097
6447,0.948585
3011,0.050783068
60685,0.99998593
57716,0.024685513
7365,0.99993527
54307,0.9614849
60511,0.026062345
3232,0.9571704
4910,0.9998481
60685,0.99998593
56281,0.012725014
4611,0.045978587
6308,0.9989182
55726,0.019079022
4848,0.99335563
5675,0.99998736
58885,0.9998574
936,0.050712883
10253,0.99983644
3094,0.9996755
59477,0.93018186
58590,0.99999523
57703,0.99652797
53501,0.037607376
53225,0.99993277
4739,0.99941933
3531,0.046078503
56772,0.9558872
56262,0.98873377
53225,0.99993277
3531,0.046078503
311,0.05054072
58274,0.99997914
7884,0.99985623
6959,0.9996111
6657,0.9575534
4276,0.058667358
3531,0.046078503
7482,0.9695179
3788,0.9778652
3531,0.046078503
919,0.99978393
6287,0.9819832
53499,0.9997942
58159,0.99980634
777,0.9272299
3145,0.9999343
52154,0.9999969
56557,0.9435826
3145,0.9999343
777,0.9272299
53311,0.035045847
51301,0.046738636
151,0.012700225
4555,0.9999585
57803,0.99492514
51579,0.9999182
61344,0.9997205
51687,0.9709772
51687,0.9709772
2308,0.9988187
51424,0.9997652
54095,0.99978215
61181,0.087728865
6731,0.048621126
4555,0.99995375
5186,0.030354382
6731,0.048621126
53311,0.035045847
51301,0.046738636
3145,0.9999343
74536,0.020337207
74570,0.99998736
72894,0.9999802
75713,0.99378854
75637,0.93642336
73015,0.99999285
72907,0.97123194
73029,0.99996567
75717,0.9023851
75257,0.9702398
72146,0.038916398
72188,0.99679273
31100,0.99999726
42076,0.057865713
23347,0.9528964
48637,0.9422203
26596,0.022700656
47130,0.999948
29165,0.9999927
24760,0.99999857
26546,0.026216384
48277,0.939873
45236,0.019943878
28884,0.99646026
30075,0.9999337
30141,0.05106944
72467,0.96383625
21930,0.9999709
74782,0.98100555
73970,0.9999367
45520,0.99998426
45236,0.019943878
24488,0.99645054
26296,0.042921036
21930,0.9999709
28937,0.7899913
29228,0.99872977
74129,0.99978644
22920,0.99999213
24010,0.9999713
46764,0.9997979
22920,0.99999213
47227,0.9701432
74127,0.9341543
22920,0.99999213
22425,0.9999919
21036,0.047509223
24000,0.99997485
20843,0.998809
24665,0.9999964
47227,0.9701432
26616,0.026165452
23999,0.99980956
29228,0.99872977
29546,0.045076925
26954,0.9999933
24282,0.94838256
72497,0.962805
45520,0.99998426
44748,0.9849856
30897,0.9852431
22582,0.9711149
73783,0.9986695
26056,0.05892912
26056,0.05892912
77153,0.9993838
73764,0.99963665
44268,0.98714185
73889,0.99977297
73781,0.05877793
28937,0.7899913
28787,0.98726183
76990,0.999997
74157,0.93217105
29929,0.9996111
74843,0.9981382
73869,0.9998084
29929,0.9996111
77041,0.038762756
74358,0.9962048
26992,0.96445435
47792,0.9881045
42889,0.9998171
77166,0.012685436
24546,0.031518247
24088,0.9959912
42889,0.9998171
48094,0.9999598
42889,0.9998171
75328,0.9902962
26546,0.026216384
74356,0.041737467
74876,0.022164518
74732,0.9712427
24426,0.027969673
77129,0.9999919
42889,0.9998171
44768,0.9841393
26596,0.022700656
72470,0.99998415
23347,0.9528964
47130,0.999948
29310,0.9999912
28443,0.9982565
74749,0.9998491
72488,0.99645597
24426,0.027969673
25249,0.9997893
30943,0.9991605
25790,0.9999051
24760,0.99999857
28477,0.9685489
26992,0.96445435
30075,0.9999337
23347,0.9528964
50879,0.9996183
42373,0.9963014
22848,0.99186486
26426,0.05134315
47792,0.98551786
23429,0.9997329
48637,0.9422203
27464,0.9999126
31238,0.9993709
43799,0.9999529
20348,0.9985777
29533,0.9952122
24282,0.94838256
75144,0.99995935
31238,0.9993709
22652,0.98071
24088,0.9959912
75131,0.011580833
75149,0.99995935
27784,0.9995285
25793,0.9930693
24316,0.04812007
28787,0.98726183
24316,0.04812007
24088,0.9959912
23716,0.056158673
31100,0.99999726
24010,0.9999713
23716,0.056158673
25788,0.99358726
21283,0.9951101
28884,0.99646026
30838,0.9989222
18763,0.9999883
67690,0.99992836
48329,0.9999639
13321,0.9998468
15795,0.99988544
14621,0.99996185
64335,0.9999466
62211,0.9999647
19688,0.99992836
66423,0.999977
17279,0.9999654
15940,0.99996126
13321,0.9998468
15940,0.99996126
64765,0.999838
69073,0.99995625
69106,0.99996793
69354,0.9999783
9443,0.9999654
7650,0.99992585
8788,0.99997866
61299,0.99994624
7935,0.9999733
51306,0.9999671
55945,0.99997294
54608,0.99997854
59653,0.9999441
55216,0.99995756
61415,0.9999285
55094,0.9999261
58405,0.99997723
55094,0.9999261
61299,0.99994624
54442,0.9999678
59445,0.9999801
59445,0.9999801
57398,0.99998
54608,0.99997854
59664,0.9999443
52376,0.9999026
55094,0.9999261
7277,0.99995756
55945,0.99997294
7650,0.99992585
55251,0.9999734
9443,0.9999654
6942,0.999918
972,0.9999268
56324,0.9999542
55945,0.99997294
443,0.999982
3431,0.9999192
52376,0.9999026
7277,0.99995756
53673,0.9998989
3431,0.9999192
443,0.999982
7935,0.9999733
7650,0.99992585
57398,0.99998
8788,0.99997866
6942,0.999918
72225,0.99992585
21662,0.9999285
44351,0.9999783
27229,0.9999542
30409,0.99988186
21419,0.99998415
21419,0.99998415
26538,0.999938
28147,0.99994576
28147,0.99994576
31054,0.99994886
22292,0.9998975
23853,0.99992836
24784,0.99997187
25956,0.9998853
21662,0.9999285
28589,0.9999076
22985,0.9999732
48694,0.99997115
29258,0.9998374
48332,0.9999647
29258,0.9998374
26588,0.99996305
43555,0.999977
21830,0.9999474
21419,0.99998415
43555,0.999977
23969,0.99996686
26781,0.9999758
42224,0.99997866
24922,0.99988437
74276,0.99992585
72623,0.9999646
32154,0.99984217
40934,0.99992764
32154,0.99984217
34917,0.99996614
34917,0.99996614
40934,0.99992764
35690,0.9999784
42048,0.99996793
37635,0.999838
35177,0.99992275
37635,0.999838
34917,0.99996614
39383,0.9999608
39383,0.9999608
33337,0.9999883
46495,0.99998415
50668,0.999985
50668,0.999985
45319,0.9999151
10421,0.9999603
13321,0.9998468
20029,0.99992585
10749,0.99997234
13321,0.9998468
19861,0.99998057
443,0.999982
1726,0.9999639
6942,0.999918
56324,0.9999542
9443,0.9999654
222,0.9999708
59653,0.9999441
2467,0.9999639
54442,0.9999678
8666,0.99998116
52376,0.9999026
55251,0.9999734
55945,0.99997294
26588,0.99996305
44351,0.9999783
24922,0.99988437
22292,0.9998975
23853,0.99992836
32967,0.9999635
40934,0.99992764
18160,0.99993086
18763,0.9999883
19688,0.99992836
66423,0.999977
62211,0.9999647
18154,0.99992955
19861,0.99998057
14621,0.99996185
62279,0.9999435
7935,0.9999733
55251,0.9999734
53673,0.9998989
8657,0.99998116
267,0.99997854
6377,0.99997056
55945,0.99997294
59445,0.9999801
6942,0.999918
61415,0.9999285
59151,0.99992657
54608,0.99997854
3431,0.9999192
3431,0.9999192
28589,0.9999076
24922,0.99988437
26538,0.999938
22107,0.99988544
22985,0.9999732
27266,0.9998374
26781,0.9999758
32967,0.9999635
37172,0.99997115
35690,0.9999784
50236,0.9998185
48164,0.99997056
50668,0.999985
18160,0.99993086
18154,0.99992955
18154,0.99992955
15369,0.9999285
15351,0.9999285
14621,0.99996185
15940,0.99996126
222,0.9999708
61299,0.99994624
59445,0.9999801
53898,0.99996555
28407,0.99988186
25956,0.9998853
22107,0.99988544
24784,0.99997187
28589,0.9999076
42224,0.99997866
29258,0.9998374
26781,0.9999758
28407,0.99988186
29378,0.9999783
28757,0.9999727
26538,0.999938
29378,0.9999783
42224,0.99997866
28757,0.9999727
22107,0.99988544
35362,0.9997391
40934,0.99992764
32967,0.9999635
35690,0.9999784
37479,0.99998045
34555,0.99983966
34013,0.9999596
34013,0.9999596
46461,0.9999783
48164,0.99997056
50668,0.999985
15940,0.99996126
16477,0.9999696
19688,0.99992836
19688,0.99992836
44335,0.9999783
13321,0.9998468
20029,0.99992585
18763,0.9999883
8666,0.99998116
8666,0.99998116
53247,0.99992764
9443,0.9999654
58759,0.99998665
53673,0.9998989
57490,0.99983907
59958,0.9999471
53247,0.99992764
53247,0.99992764
26781,0.9999758
23853,0.99992836
29258,0.9998374
21830,0.9999474
28757,0.9999727
22985,0.9999732
21662,0.9999285
21419,0.99998415
25956,0.9998853
23420,0.99998426
37172,0.99997115
35177,0.99992275
37635,0.999838
39383,0.9999608
70943,0.99999404
44372,0.9998554
15343,0.99985063
45326,0.9998721
45326,0.9998721
11787,8.8786306e-05
17021,0.00016032797
15343,0.99985063
16817,0.00012820022
64050,0.99963427
15343,0.99985063
68983,0.9989932
2256,0.999764
55912,3.9025414e-05
54236,0.999866
60158,2.0361087e-05
53753,0.9998512
2256,0.999764
2256,0.999764
54236,0.999866
73011,0.99999404
75686,0.9998807
25834,0.00014049445
23033,5.3851447e-05
29315,0.9995178
25284,0.00034981157
29315,0.9995178
25834,0.00014049445
45918,0.0054589068
25834,0.00014049445
71779,0.99987245
23033,5.3851447e-05
23740,0.99987245
74044,0.999918
76777,0.9998934
72665,0.9998841
33124,0.99983895
33124,0.99983895
33124,0.99983895
41040,0.00013194683
45738,0.9999373
64050,0.99963427
15935,0.99991155
15343,0.99985063
53753,0.9998512
55264,0.99973184
60158,2.0361087e-05
23033,5.3851447e-05
23033,5.3851447e-05
28368,0.00011462047
23740,0.99987245
21028,0.99964535
29315,0.9995178
15935,0.99991155
64050,0.99963427
58495,0.9995989
25834,0.00014049445
25284,0.00034981157
28368,0.00011462047
25834,0.00014049445
29315,0.9995178
11787,8.8786306e-05
44372,0.9998554
45326,0.9998721
45326,0.9998721
29315,0.9995178
25284,0.00034981157
45738,0.9999373
44372,0.9998554
17021,0.00016032797
44372,0.9998554
55912,3.9025414e-05
60158,2.0361087e-05
54720,0.9998795
54236,0.999866
58495,0.9995989
57613,9.869541e-05
54236,0.999866
50721,4.9627095e-05
41040,0.00013194683
44854,0.9998672
50812,0.93940365
42789,0.99987435
44143,0.9973573
50812,0.93940365
50812,0.93940365
48365,0.99995315
70750,0.99999213
12824,0.99972266
68471,0.041586313
12034,0.9999639
64466,0.02788804
19956,0.044044532
17355,0.9999151
45912,0.9903914
65739,0.99983907
50623,0.99039066
45912,0.9903914
14408,0.9998617
13073,0.99689937
16258,0.99867994
16899,0.99980205
16258,0.99867994
50355,0.9999957
70067,0.94788665
66752,0.99164647
17754,0.9998332
16899,0.99980205
64466,0.02788804
71262,0.9436837
64634,0.99995565
50623,0.99039066
65732,0.96697825
70241,0.021178307
62405,0.99999106
46202,0.94990194
17754,0.9998332
64424,0.9999913
17754,0.9998332
18289,0.9998062
41896,0.0013811133
27918,0.014890812
20724,0.9639461
23267,0.003035592
21436,0.00035009097
28168,0.013241955
30320,0.99833965
27187,0.0015324478
26729,0.9958973
25135,0.9992481
25400,0.9981201
22496,0.00010327382
26442,0.0031129215
22760,0.9998435
23088,0.01676891
29402,0.001957249
26821,0.00023518312
28439,0.98027
25135,0.9992481
49119,0.9748311
24548,0.0066739493
25085,0.9996604
30310,0.9982463
24314,0.98122495
22760,0.9998435
29402,0.001957249
22224,0.98091394
28155,0.998257
27897,0.0051904097
22758,0.06826302
25306,0.00026582522
22900,0.99934596
27022,0.00032714862
30307,0.0039335666
24314,0.98122495
25207,0.0030000585
23712,0.0040969416
22297,0.0032128785
29870,0.9971551
21349,0.9820447
23610,0.9951998
28647,0.0015156781
21349,0.9820447
21186,0.00058386696
22758,0.06826302
25433,0.015954675
20901,0.0008526422
22488,0.006426568
20901,0.0008526422
48035,0.99942744
22792,0.00015606493
22052,0.0039882986
23241,0.0005755454
25433,0.015954675
30511,0.0007406746
23701,0.0008315124
24907,0.00038344166
26138,0.023948072
25710,0.9950858
21926,0.00035667722
28327,0.003912686
22679,0.9701213
27663,0.017780857
29746,0.0005608268
25433,0.015954675
20380,0.999587
22019,0.9747935
25707,0.0031900713
24734,0.98712164
42496,0.0007870729
29746,0.0005608268
23473,0.015720626
23920,0.996624
21971,0.00036269982
27357,0.0008585393
26792,0.00030388727
26063,0.014460663
22019,0.9747935
25012,0.0012293865
29587,0.0028072966
24734,0.98712164
23473,0.015720626
25134,0.99360365
25012,0.0012293865
50033,0.0012481071
49059,0.98319626
42828,0.018821357
25400,0.9981201
24548,0.0066739493
30966,0.0005730628
21333,0.017963922
44624,0.9811736
22187,0.0019578591
25501,0.00030722245
50033,0.0012481071
43257,0.0012597637
22496,0.00010327382
22184,0.98070383
26670,0.9995227
23001,0.00064237503
30965,0.9977253
29230,0.99913895
27276,0.0014594982
30900,0.9979315
21966,0.0003510689
21906,0.00019906713
24619,0.9969221
21676,0.0010759819
26853,0.001722841
27728,0.015830837
22200,0.9988423
47286,0.0006527935
21906,0.00019906713
24328,0.016886171
50406,0.0002542325
51220,0.9984273
46882,0.0026360594
27457,0.0019728313
24205,0.9970477
26963,0.018463712
20326,0.0009072211
23562,0.0023795245
27957,0.0036041732
23541,0.0006077628
24690,0.99986315
21309,0.98105294
29283,0.011542209
26963,0.018463712
25074,0.9933416
24126,0.00053153804
20787,3.4744713e-05
27828,0.021165954
22792,0.00015606493
24966,3.384905e-07
20731,1.8387396e-05
21360,0.99838173
22579,0.9948832
41608,0.017201899
50589,0.9794206
42130,0.99819416
21456,0.00059867365
22748,0.09957891
23456,0.00032027386
27204,0.99255943
20787,3.4744713e-05
21358,0.018824711
29699,0.9831874
26543,0.016809398
29627,0.0023173452
21971,0.00036269982
28808,0.0069570853
23456,0.00032027386
21358,0.018824711
24997,5.8229843e-06
20492,0.00036241108
27202,0.00030062153
25795,0.9971123
24533,0.0066739493
29778,0.023487322
22033,0.019034991
23888,0.02200857
23184,0.98541707
22336,0.00041284197
30546,0.0007823403
26451,0.0005207875
20326,0.0009072211
22784,0.98959255
24997,5.8229843e-06
41667,3.7421072e-05
24092,0.004023999
29778,0.023487322
28916,0.0002671301
22638,0.07320088
49806,0.00057840586
74022,0.0024568816
74020,0.9966552
74070,0.997271
72671,0.00012391103
75041,2.6961018e-07
72670,0.9989436
76473,0.023794878
74265,0.99693835
71659,0.9757671
76382,0.0027155343
72705,0.9966634
75393,0.016161507
76472,0.002747963
73564,0.98150074
73690,0.99520713
76471,0.00072035077
76614,0.9838541
72559,0.9968971
76452,0.002747963
72703,0.08980988
72775,0.997012
73508,0.014917746
71602,0.0030972091
71692,0.0044918885
72593,0.0059484183
71709,0.977029
76774,0.99806005
72809,0.9764498
71708,0.015292705
76683,0.020129304
76394,0.97989833
74259,0.98185444
75051,3.2247624e-07
72735,0.9961808
76610,0.9991448
75402,0.0019184877
72570,0.99513185
71667,0.0042535025
74219,0.9808524
75400,0.9989335
71594,0.9787556
71648,0.023999892
75418,0.016161507
76263,0.016448932
76461,0.00072035077
74253,0.016402632
74199,0.9808524
71665,0.99700254
71700,0.99716187
73659,0.9787556
76585,0.99826777
71592,0.0030972091
76729,0.99680257
76260,0.99813724
73496,0.0003373475
73622,0.0023619877
75006,2.2183228e-06
72708,0.06413237
76511,0.000760874
73621,0.00058923604
76727,0.0005845953
75624,0.97968674
72856,1.1155823e-06
72897,2.6590113e-05
20789,0.9997445
23366,0.00031888482
28967,0.017590944
26892,0.002409736
50741,0.0005812991
43354,0.98878014
27490,0.9981317
21853,0.02150508
24747,0.0021637669
25071,0.000542977
29413,0.01633885
25892,0.00348781
26700,0.99951506
29302,0.002369502
74425,0.9981178
27813,0.020672852
24679,0.9967339
29302,0.002369502
27813,0.020672852
27755,0.99716055
24679,0.9967339
21151,0.00026118982
29897,0.0030493755
29897,0.0030493755
47371,0.00041891923
28984,0.9045621
24457,0.0030590235
26715,0.99951506
22675,0.9971083
26948,0.022184461
28967,0.017590944
30002,0.0033433214
26715,0.99951506
77064,0.9251369
20789,0.9997445
28918,0.1178126
26239,0.9815942
76918,0.0016204873
20424,0.9974125
22675,0.9971083
24050,0.9981831
22281,0.0004368698
24350,0.9981851
24050,0.9981831
72438,0.01533014
24502,0.003184758
21853,0.02150508
41865,0.9991014
23191,0.0002588639
23248,0.017022546
29413,0.01633885
23189,0.98512393
27880,0.9950765
26348,0.019072663
26700,0.99951506
24944,0.9996989
24747,0.0021637669
29232,0.00028047906
23881,0.0006146626
30163,0.013867932
29302,0.002369502
75122,0.0005716469
72049,0.98257
29897,0.0030493755
71973,0.013562053
28709,0.9886515
28709,0.9886515
71843,0.012912885
26348,0.019072663
21266,0.00048771276
21230,0.99822146
24679,0.9967339
21402,0.0020081974
24257,0.0024869188
25892,0.00348781
25787,0.004525415
25892,0.00348781
24540,0.9995041
23366,0.00031888482
24502,0.003184758
27880,0.9950765
23923,0.013755
24050,0.9981831
29109,0.9948879
50242,0.0027603472
23923,0.013755
48625,0.99721706
29109,0.9948879
27490,0.9981317
23923,0.013755
48625,0.99721706
23550,0.9971878
22099,0.98198605
28839,0.8515171
41543,0.01816853
21402,0.0020081974
20789,0.9997445
21230,0.99822146
42693,0.021362033
23189,0.98512393
24229,0.98070383
24502,0.003184758
30243,0.022757517
73583,0.023330238
73619,0.9789708
71639,0.9798651
75067,5.471619e-06
71650,0.99520713
71704,0.977029
74201,0.00050794
75063,0.0009876414
76514,0.9812019
71663,0.018385453
37183,0.0016560047
32183,0.012417785
40322,0.0032310945
33360,0.9993856
32138,0.01214888
34045,0.9953525
31400,0.9990435
37925,0.9988642
37882,0.0029045027
34266,0.0006613945
32459,0.977489
11167,0.0052381307
62333,0.18050705
65755,0.9977991
10511,0.0009566794
62324,0.96279263
62967,0.0023021705
19450,0.9944811
66185,0.9998778
43853,0.0029173475
16497,0.00020453674
13832,0.0032180424
18180,0.9992725
18180,0.9992725
67428,0.023001228
63160,0.9972234
67368,0.023587855
67428,0.023001228
68478,0.0018564537
13595,0.9983841
43853,0.0029173475
62076,0.00010345262
62333,0.18050705
62026,0.0007093016
18924,0.9880377
15140,0.99682367
63128,0.025258709
64589,0.9995732
18254,0.9890844
62026,0.0007093016
16437,0.0017498644
18190,0.9990233
19450,0.9944811
16797,0.002694519
42464,0.9800858
60810,0.998072
60253,0.0077033704
59965,0.99939907
59951,0.00010359695
58381,0.00064138643
58309,0.99601245
56732,0.0022763861
52139,0.9998167
3950,0.9906241
8477,0.00089320773
659,0.97891974
55464,0.98199445
58401,0.0006856563
5103,0.012125304
599,0.9818796
9745,0.99891317
9248,0.022117574
59184,0.9827192
5101,0.000200114
60172,0.0013868026
9745,0.99891317
7488,0.016790323
5510,0.9985776
53871,9.557564e-05
8727,0.0023019067
56735,0.9982869
8002,0.00023878996
2080,0.99981683
473,0.0153002115
53491,0.00053398387
60142,0.00025415106
2048,0.009076975
6770,0.99666363
7314,0.9826863
6102,4.1826774e-05
2682,0.0017442884
56254,0.9938567
1484,0.9840614
57187,0.0025450469
4193,0.015012533
7314,0.9826863
5289,0.980533
61333,0.0125214625
56166,6.8941567e-06
56559,0.9846447
5051,0.00054784445
53649,0.99461055
7299,0.98356116
9412,0.0039208955
10172,0.000417797
59016,0.0005736377
53633,0.0226531
57407,0.0016078065
53074,0.98054665
2481,0.00037660036
57403,0.023468247
56496,0.00028723254
207,0.0008989478
55206,0.00015216545
884,0.98189527
51408,0.016759878
54979,0.9820893
56785,0.99837816
54009,0.9203312
57375,0.99750453
54016,0.00433308
551,0.00031319546
61127,0.003097302
4285,0.9985409
52003,0.017507842
58097,0.00025165736
54479,0.9876859
53426,0.0002803681
10131,0.00045851804
4142,0.00041980232
1173,0.017261049
55532,0.0027700446
2171,0.000488796
5710,0.9993863
5024,0.9783378
7283,0.02280218
9510,0.99814713
56698,0.015488124
2645,0.9983254
57640,0.99882525
53609,0.98002553
59777,0.0036979178
1427,0.0028304574
6781,0.00031352168
473,0.0153002115
621,0.00056973
60261,0.00029434165
7257,0.0015678604
61513,0.014151882
57840,0.99988043
57839,0.9885671
52817,0.0020239593
56643,0.016167786
60016,0.00011931563
54252,0.00039381787
6769,0.98159814
57417,0.004005487
3814,0.9390287
1098,0.023032634
55297,0.0039234553
9691,0.00047033885
2602,0.0028456876
58581,0.00017208945
52767,0.0019904086
57606,0.0008979821
7182,0.0028030227
60215,0.99601173
53950,0.99662054
7755,0.9998803
7977,0.0002426052
9633,0.024820892
57606,0.0008979821
3622,0.0025168913
52246,0.00047420274
4102,0.0013145618
55284,0.9769845
7377,0.0026501152
57603,0.01794166
1736,0.00010497503
2387,0.0007824886
51886,0.00019323068
59953,0.0063802116
7736,0.00045685147
350,0.9979609
60781,0.000628802
59951,0.00010359695
5163,0.020377109
2545,0.9989176
60402,3.6516998e-05
7114,0.98408973
51598,0.015815103
53902,0.00042706498
54872,0.0032580798
7332,0.004168354
10088,0.014104301
51826,0.000103723374
54862,0.0031350653
60350,0.99995685
3962,0.05887311
4193,0.015012533
55106,0.0006094278
53863,0.16580757
9325,0.9977563
57063,0.01472995
59184,0.9827192
53655,0.9977379
2255,0.9993331
60096,0.00018212698
54305,0.99891996
4597,0.0019025927
1618,0.017522909
7299,0.98356116
58845,0.99849427
54080,0.9829894
58844,0.98154503
60640,0.99859685
52893,0.022410575
8049,0.9328328
60284,0.94971895
53483,0.016326299
2712,0.0018405854
6926,0.00080641976
5902,0.001512633
509,0.97946334
52348,0.010561217
58336,0.00089082704
8675,0.9988444
9789,0.9818939
53328,0.02172333
61391,0.0005938927
55956,0.00018730403
7551,0.0006814597
53655,0.9977379
7441,0.00055807765
60178,0.010442543
1350,0.9971654
727,0.00322265
59977,0.0004419458
9959,0.9968682
4245,0.9989507
52328,0.003291568
10233,0.014550102
53871,9.557564e-05
61381,0.00062644907
1350,0.9971654
7377,0.0026501152
57509,0.9822358
8126,1.5999506e-06
3505,0.9988834
57896,0.000109726425
5566,0.00039267782
4054,0.9951019
59608,0.019275537
10267,0.0008659938
57840,0.99988043
9165,0.9985266
674,0.97866094
463,0.0153002115
746,0.00053506554
55898,0.0017627185
6318,0.010490997
57135,0.9983944
54403,0.01707267
7107,0.0025249033
53122,0.0024644544
927,0.0026495517
55894,0.9965243
58241,4.698019e-06
1571,0.00039855717
207,0.0008989478
8675,0.9988444
9236,0.00053509563
9014,0.9775538
599,0.9818796
51585,0.99909437
60033,0.0016969676
7755,0.9998803
3240,0.9977858
1230,0.9983115
57407,0.0016078065
55894,0.9965243
10233,0.014550102
7366,0.00026727506
4535,0.99864715
3985,0.98611474
4285,0.9985409
3422,0.0025604093
51688,0.017375356
3225,0.9977858
59532,0.0029442206
57840,0.99988043
4143,0.0021392116
56166,6.8941567e-06
7288,0.023255259
4282,0.00072352175
324,0.9849904
10088,0.014104301
7965,0.99785656
1410,0.9988304
56131,6.779646e-06
57742,0.003500167
7043,0.017874712
6153,0.0033023753
7043,0.017874712
56671,0.00043366084
7299,0.98356116
8823,0.0154150175
3810,0.9963231
3810,0.9963231
54599,0.9794332
56559,0.9846447
9931,9.981432e-05
56252,0.0010791353
60284,0.94971895
6059,0.9827655
2356,0.00023945366
57640,0.99882525
52246,0.00047420274
4072,0.0010381261
1858,0.009162741
54080,0.9829894
5939,0.94548196
6085,0.999974
8173,0.048770122
59181,0.0011757548
7269,0.98199993
54277,0.0023607542
8203,0.04955306
802,0.0055473545
7503,0.018295323
7235,0.9967842
53369,0.9732685
56003,0.015132888
58381,0.00064138643
8801,0.0003234627
1707,0.0005075894
6816,0.0005447543
3751,0.000639153
53871,9.557564e-05
2171,0.000488796
60781,0.000628802
53167,0.0027250163
1106,0.00037278637
53701,0.0004591365
7008,0.017583027
9374,0.9835079
53491,0.00053398387
368,0.015950274
51688,0.017375356
10230,0.99998903
61381,0.00062644907
56956,0.0005246156
5902,0.001512633
52744,0.9793605
9932,0.00041874475
57739,0.9842547
54576,0.0004712613
53477,0.0023107578
2524,0.9871852
54690,0.99634933
6356,0.0012561531
53176,0.00057489466
57298,0.013807235
7873,0.007083739
7200,0.99697924
60614,0.9851252
52084,0.98997116
57260,0.9982646
52832,0.0021015052
60601,0.00082055427
54715,0.99680066
54690,0.99634933
3381,0.0004190894
58190,0.99987257
54436,0.00025823308
2781,0.00066582666
3556,0.0008046198
1668,0.0058723493
59862,0.0015125877
59858,0.017140394
51798,0.0015448205
61530,0.9973456
4570,0.99826163
3676,0.00046485313
59995,0.9994091
51856,8.522053e-05
9244,0.9794239
3537,0.002695038
61193,0.01406989
59913,0.01529045
52470,0.99864525
56667,0.003027629
55201,0.00020499225
2887,0.0038526983
59072,0.004562758
57479,0.9829268
2559,0.984353
6032,0.00044963806
58116,0.00033007312
53721,0.0004740655
3426,0.0004954108
3700,0.98501354
1948,0.010327968
59839,0.98286384
4592,0.0017479854
60299,0.945225
56784,0.9798456
850,0.99760073
54632,0.002399833
9747,0.001380517
57698,0.015878865
2632,0.0021621645
788,0.014581133
850,0.99760073
5644,0.987615
54823,0.0238751
2548,0.014253632
55688,0.01643859
56439,0.9850612
58582,0.002103437
52529,0.98441124
2519,0.9853184
58411,0.00085307856
61105,0.99709606
970,0.9982133
54166,0.00040601462
7102,0.0025249033
60299,0.945225
54923,0.0154654635
7096,0.0011392746
3862,0.024055388
4473,0.013212212
59981,0.00010534657
5177,0.0016136757
10273,0.014324502
59981,0.00010534657
1355,0.9971654
58444,0.985067
870,0.99576265
58247,0.00013216013
8712,0.0023019067
54989,0.9820893
61244,0.9805406
59426,0.0003757157
9981,0.00011320459
2632,0.0021621645
54570,0.99886453
6018,0.01964327
59849,0.9830862
51885,0.9978787
9031,0.0012720065
10294,0.99995804
55583,0.017305633
6832,0.0022452842
8128,0.109106794
58728,0.016330061
60320,0.99995685
8466,0.00029797494
56965,0.9950978
1339,0.98152256
6980,0.9970144
6056,7.803428e-06
54166,0.00040601462
59142,0.0033298193
7962,0.00022606594
4551,0.00030868925
56852,0.0020260746
53382,0.0033819666
1948,0.010327968
54406,0.00021524823
59517,0.0044366606
6031,5.551851e-06
8735,0.9984855
4873,0.018883279
57314,0.9860699
4473,0.013212212
54129,0.9945973
51443,0.01663719
54923,0.0154654635
4787,0.003044286
6052,0.00027954736
56694,0.9823101
4787,0.003044286
52855,0.9970386
54732,0.002031044
9031,0.0012720065
54253,0.002494742
54153,0.00093728915
54293,0.010421849
6448,0.016295077
3202,0.0013813371
51295,0.9982248
8758,0.018524727
51825,0.99739206
5216,0.00024409035
164,0.9868031
52844,0.97747725
8686,0.0004945349
57888,0.0067551876
8025,0.9894154
57810,0.9990331
56056,0.00019565587
53962,0.030299373
56056,0.00019565587
3510,0.9992144
59762,0.0036928793
52018,0.0138190435
53522,0.0011672915
4404,0.9857932
2350,0.9988165
53732,0.0011474885
6690,0.99841
5084,0.9858888
9794,0.9818939
6904,0.97976226
52699,0.97920233
9794,0.9818939
5080,0.9966767
52699,0.97920233
55241,0.00034534026
52209,0.99453473
9238,0.022117574
164,0.9868031
54433,0.0180165
58530,0.9987356
61401,0.00062644907
1231,0.000333983
58530,0.9987356
59461,0.00038473506
57538,0.01672079
57058,0.01472995
9678,0.016872631
52396,0.0010220103
6330,0.9989116
3555,0.99883455
59686,0.0007405854
2853,0.02642418
6814,0.9766841
4186,0.0013751088
2853,0.02642418
51457,0.0025367048
2852,0.0036091632
51615,0.99909437
59320,0.99838257
4156,0.00034219868
868,0.019116892
57810,0.9990331
4757,0.0033524572
59399,0.98341423
9794,0.9818939
9698,0.018751865
8219,0.9990445
52844,0.97747725
94,0.9935776
55426,0.00080749206
5080,0.9966767
3558,0.02289127
9995,0.99826354
58530,0.9987356
7084,0.9832091
51552,0.003427665
8650,0.9987795
4103,0.001137559
55864,0.9962226
809,0.97622836
3743,0.011632155
2947,0.0036487905
1963,0.0163856
58678,0.017328955
6058,0.008895958
3732,0.0031837092
5267,0.0038590808
7572,0.0026436863
58997,0.0034771266
54654,0.9879023
51437,0.0019705954
8404,0.9858348
3428,0.016776308
59722,0.0029283313
58997,0.0034771266
54650,0.99845624
55078,0.0130591085
55508,0.023950022
59133,0.015004287
1086,0.00016904526
2196,0.0002714262
58997,0.0034771266
3099,0.97835255
59480,0.99836713
5781,0.000117844895
56775,0.9984029
56388,0.010786806
53539,0.9776779
7485,0.9972222
53763,0.013472914
9698,0.018751865
52788,0.009920294
55479,0.98172045
56220,0.9998872
57101,0.0011127292
56479,0.9903252
55553,0.0243447
51895,0.9979165
55638,0.017217746
8200,0.9988188
8200,0.9988188
59741,0.0005040875
69,0.9957489
3304,0.9795904
57460,0.9982504
4744,0.976308
4744,0.976308
2052,0.00020854974
60179,0.89395195
6713,0.018134369
2550,0.9986927
10049,0.93474436
1597,0.0027765143
53068,0.017673034
3116,0.000718181
20395,0.9996056
24461,0.0007428578
44903,0.022927245
25912,0.00253883
24630,0.99971324
22875,0.9979861
20395,0.9996056
25880,0.99583685
46453,0.014917746
21073,0.017823186
24461,0.0007428578
28451,0.0008871398
24483,0.014994086
28247,0.0015900234
20718,0.011720969
31174,0.99986494
43934,0.9851483
25076,0.00040734513
20508,0.002009133
21126,0.0002568526
21591,0.0008250554
20652,0.00036126064
20376,0.0001231711
29229,0.9920292
20838,0.0010551864
47585,0.99616456
48183,0.017858177
28615,0.9983156
31068,0.019806352
28163,0.013674819
